ID,Word,Phonemes,Shared_Cont_Phonemes
CAF-657,lizard,L IH1 Z ER0 D,0
CAF-657,cat,K AE1 T,1
CAF-657,hawk,HH AO1 K,1
CAF-657,dog,D AO1 G,1
CAF-657,turtle,T ER1 T AH0 L,1
CAF-657,jellyfish,JH EH1 L IY0 F IH2 SH,1
CAF-657,bear,B EH1 R,1
CAF-657,ant,AE1 N T,1
CAF-657,mosquito,M AH0 S K IY1 T OW0,1
CAF-657,frog,F R AA1 G,0
CAF-657,tadpole,T AE1 D P OW2 L,0
CAF-657,fish,F IH1 SH,1
CAF-657,shark,SH AA1 R K,1
CAF-657,dolphin,D AA1 L F AH0 N,1
CAF-657,gorilla,G ER0 IH1 L AH0,1
CAF-657,monkey,M AH1 NG K IY0,0
CAF-657,fly,F L AY1,1
CAF-657,eagle,IY1 G AH0 L,1
CAF-657,toad,T OW1 D,1
CAF-657,rat,R AE1 T,1
CAF-657,mouse,M AW1 S,0
CAF-657,gerbil,JH IY1 ER1 B IH1 L,0
CAF-657,groundhog,G R AW1 N D HH AA2 G,0
CAF-657,fox,F AA1 K S,1
CAF-657,raccoon,R AE0 K UW1 N,1
CAF-657,deer,D IH1 R,1
CAF-657,squirrel,S K W ER1 AH0 L,1
CAF-657,rabbit,R AE1 B AH0 T,1
CAF-657,bluejay,B L UW1 JH EY2,1
CAJ-663,peacock,P IY1 K AA2 K,0
CAJ-663,giraffe,JH ER0 AE1 F,1
CAJ-663,elephant,EH1 L AH0 F AH0 N T,1
CAJ-663,zebra,Z IY1 B R AH0,1
CAJ-663,horse,HH AO1 R S,1
CAJ-663,cat,K AE1 T,0
CAJ-663,dog,D AO1 G,1
CAJ-663,iguana,AY0 G W AA1 N AH0,1
CAJ-663,turtle,T ER1 T AH0 L,1
CAJ-663,dolphin,D AA1 L F AH0 N,2
CAJ-663,penguin,P EH1 NG G W AH0 N,2
CAJ-663,buffalo,B AH1 F AH0 L OW2,1
CAJ-663,kangaroo,K AE2 NG G ER0 UW1,1
CAJ-663,goose,G UW1 S,1
CAJ-663,duck,D AH1 K,0
CAJ-663,swan,S W AA1 N,0
CAJ-663,monkey,M AH1 NG K IY0,1
CAJ-663,chimp,CH IH1 M P,1
CAJ-663,lion,L AY1 AH0 N,1
CAJ-663,tiger,T AY1 G ER0,1
CAM-666,cat,K AE1 T,0
CAM-666,dog,D AO1 G,1
CAM-666,iguana,AY0 G W AA1 N AH0,2
CAM-666,wombat,W AA1 M B AE2 T,2
CAM-666,goat,G OW1 T,1
CAM-666,platypus,P L AE1 T AH0 P UH2 S,1
CAM-666,bear,B EH1 R,0
CAM-666,firefly,F AY1 ER0 F L AY2,2
CAM-666,fly,F L AY1,2
CAM-666,ant,AE1 N T,0
CAM-666,bird,B ER1 D,0
CAM-666,eagle,IY1 G AH0 L,0
CAM-666,moose,M UW1 S,0
CAM-666,deer,D IH1 R,0
CAM-666,mouse,M AW1 S,0
CAM-666,duck,D AH1 K,1
CAM-666,crow,K R OW1,1
CAM-666,frog,F R AA1 G,1
CAM-666,tadpole,T AE1 D P OW2 L,1
CAM-666,caterpillar,K AE1 T AH0 P IH2 L ER0,1
CAM-666,butterfly,B AH1 T ER0 F L AY2,1
CAM-666,moth,M AO1 TH,0
CAM-666,gorilla,G ER0 IH1 L AH0,0
CAM-666,monkey,M AH1 NG K IY0,0
CAM-666,horse,HH AO1 R S,0
CAN-667,cat,K AE1 T,0
CAN-667,lion,L AY1 AH0 N,1
CAN-667,tiger,T AY1 G ER0,1
CAN-667,dog,D AO1 G,1
CAN-667,hamster,HH AE1 M S T ER0,0
CAN-667,gerbil,JH IY1 ER1 B IH1 L,1
CAN-667,sheep,SH IY1 P,1
CAN-667,horse,HH AO1 R S,0
CAN-667,pig,P IH1 G,1
CAN-667,goat,G OW1 T,1
CAN-667,pony,P OW1 N IY0,1
CAN-667,peacock,P IY1 K AA2 K,1
CAN-667,bird,B ER1 D,0
CAN-667,lion,L AY1 AH0 N,1
CAN-667,lamb,L AE1 M,1
CAN-667,elephant,EH1 L AH0 F AH0 N T,2
CAN-667,chicken,CH IH1 K AH0 N,2
CAN-667,rooster,R UW1 S T ER0,0
CAP-671,giraffe,JH ER0 AE1 F,1
CAP-671,elephant,EH1 L AH0 F AH0 N T,2
CAP-671,lion,L AY1 AH0 N,2
CAP-671,hippo,HH IH1 P OW0,0
CAP-671,bat,B AE1 T,0
CAP-671,fish,F IH1 SH,1
CAP-671,shark,SH AA1 R K,1
CAP-671,turtle,T ER1 T AH0 L,0
CAP-671,snake,S N EY1 K,1
CAP-671,dolphin,D AA1 L F AH0 N,1
CAP-671,whale,W EY1 L,1
CAP-671,chicken,CH IH1 K AH0 N,1
CAP-671,cow,K AW1,1
CAP-671,horse,HH AO1 R S,0
CAP-671,butterfly,B AH1 T ER0 F L AY2,1
CAP-671,bear,B EH1 R,1
CAP-671,deer,D IH1 R,1
CAP-671,tiger,T AY1 G ER0,1
CAP-671,flamingo,F L AH0 M IH1 NG G OW0,1
CAQ-672,alligator,AE1 L AH0 G EY2 T ER0,1
CAQ-672,octopus,AA1 K T AH0 P UH2 S,1
CAQ-672,ostrich,AO1 S T R IH0 CH,1
CAQ-672,peacock,P IY1 K AA2 K,0
CAQ-672,bear,B EH1 R,0
CAQ-672,tiger,T AY1 G ER0,1
CAQ-672,lion,L AY1 AH0 N,1
CAQ-672,gorilla,G ER0 IH1 L AH0,1
CAQ-672,monkey,M AH1 NG K IY0,0
CAQ-672,dog,D AO1 G,0
CAQ-672,cat,K AE1 T,0
CAQ-672,hyena,HH AY0 IY1 N AH0,1
CAQ-672,snake,S N EY1 K,1
CAQ-672,fish,F IH1 SH,0
CAQ-672,bird,B ER1 D,1
CAQ-672,rabbit,R AE1 B AH0 T,1
CAQ-672,dolphin,D AA1 L F AH0 N,1
CAQ-672,squirrel,S K W ER1 AH0 L,1
CAQ-672,guinea,G IH1 N IY0,0
CAQ-672,mouse,M AW1 S,0
CAQ-672,lizard,L IH1 Z ER0 D,0
CAQ-672,iguana,AY0 G W AA1 N AH0,1
CAQ-672,crocodile,K R AA1 K AH0 D AY2 L,1
CAR-673,elephant,EH1 L AH0 F AH0 N T,1
CAR-673,giraffe,JH ER0 AE1 F,1
CAR-673,tiger,T AY1 G ER0,1
CAR-673,lion,L AY1 AH0 N,1
CAR-673,cheetah,CH IY1 T AH0,1
CAR-673,dog,D AO1 G,0
CAR-673,cat,K AE1 T,0
CAR-673,mouse,M AW1 S,0
CAR-673,rat,R AE1 T,1
CAR-673,ostrich,AO1 S T R IH0 CH,1
CAR-673,parakeet,P EH1 R AH0 K IY2 T,1
CAR-673,fish,F IH1 SH,1
CAR-673,gerbil,JH IY1 ER1 B IH1 L,1
CAR-673,hamster,HH AE1 M S T ER0,0
CAR-673,guinea,G IH1 N IY0,0
CAR-673,capybara,K AE1 P W AY1 B AA1 R AH0,2
CAR-673,zebra,Z IY1 B R AH0,2
CAR-673,horse,HH AO1 R S,1
CAR-673,tiger,T AY1 G ER0,0
CAR-673,emu,IY1 M Y UW2,0
CAR-673,elk,EH1 L K,0
CAR-673,deer,D IH1 R,0
CAR-673,antelope,AE1 N T AH0 L OW2 P,0
CAS-674,cat,K AE1 T,0
CAS-674,dog,D AO1 G,0
CAS-674,fish,F IH1 SH,1
CAS-674,shark,SH AA1 R K,1
CAS-674,dolphin,D AA1 L F AH0 N,1
CAS-674,shrimp,SH R IH1 M P,1
CAS-674,crab,K R AE1 B,1
CAS-674,lobster,L AA1 B S T ER0,1
CAS-674,iguana,AY0 G W AA1 N AH0,1
CAS-674,bear,B EH1 R,0
CAS-674,lion,L AY1 AH0 N,1
CAS-674,tiger,T AY1 G ER0,1
CAS-674,eagle,IY1 G AH0 L,1
CAS-674,falcon,F AE1 L K AH0 N,2
CAS-674,raven,R EY1 V AH0 N,2
CAS-674,lizard,L IH1 Z ER0 D,0
CAS-674,gecko,G EH1 K OW0,1
CAS-674,alligator,AE1 L AH0 G EY2 T ER0,1
CAS-674,crocodile,K R AA1 K AH0 D AY2 L,1
CAS-674,mammoth,M AE1 M AH0 TH,1
CAS-674,kangaroo,K AE2 NG G ER0 UW1,0
CAU-667,shark,SH AA1 R K,1
CAU-667,stingray,S T IH1 NG R EY1,1
CAU-667,angelfish,EY1 N JH AH0 L F IH2 SH,1
CAU-667,clownfish,K L AW1 N F IH1 SH,1
CAU-667,seahorse,S IY1 HH AO1 R S,2
CAU-667,seadragon,S IY1 D R AE1 G AH0 N,2
CAU-667,penguin,P EH1 NG G W AH0 N,2
CAU-667,polar,P OW1 L ER0,1
CAU-667,dolphin,D AA1 L F AH0 N,2
CAU-667,sealion,S IY1 L AY1 AH0 N,4
CAU-667,seal,S IY1 L,4
CAU-667,tiger,T AY1 G ER0,0
CAU-667,panda,P AE1 N D AH0,0
CAU-667,mule,M Y UW1 L,0
CAU-667,deer,D IH1 R,0
CAU-667,bat,B AE1 T,0
CAU-667,koala,K OW0 AA1 L AH0,0
CAU-667,bear,B EH1 R,4
CAU-667,bear,B EH1 R,4
CAU-667,lemur,L IY1 M ER0,1
CAU-667,ringtailed,R IH1 NG T EY1 L D,1
CAU-667,lemur,L IY1 M ER0,1
CAU-667,lion,L AY1 AH0 N,2
CAU-667,elephant,EH1 L AH0 F AH0 N T,2
CAU-667,kangaroo,K AE2 NG G ER0 UW1,0
CAU-667,wallaby,W AA1 L AH0 B IY0,0
CAU-667,emu,IY1 M Y UW2,0
CAU-667,ostrich,AO1 S T R IH0 CH,1
CAU-667,rhino,R AY1 N OW2,1
CAU-667,hippo,HH IH1 P OW0,0
CAU-667,stork,S T AO1 R K,0
CAU-667,guinea,G IH1 N IY0,0
CAU-667,fowl,F AW1 L,0
CAU-667,zebra,Z IY1 B R AH0,0
CAU-667,kudu,K UW1 D UW1,1
CAU-667,cow,K AW1,1
CAU-667,horse,HH AO1 R S,0
CAU-667,pig,P IH1 G,1
CAU-667,sheep,SH IY1 P,1
CAU-667,donkey,D AA1 NG K IY0,1
CAU-667,ox,AA1 K S,1
CAV-678,dog,D AO1 G,0
CAV-678,cat,K AE1 T,0
CAV-678,bird,B ER1 D,0
CAV-678,elephant,EH1 L AH0 F AH0 N T,0
CAV-678,kangaroo,K AE2 NG G ER0 UW1,0
CAV-678,cheetah,CH IY1 T AH0,1
CAV-678,lion,L AY1 AH0 N,1
CAV-678,tiger,T AY1 G ER0,1
CAV-678,bear,B EH1 R,0
CAV-678,iguana,AY0 G W AA1 N AH0,1
CAV-678,kangaroo,K AE2 NG G ER0 UW1,1
CAV-678,pelican,P EH1 L AH0 K AH0 N,2
CAV-678,penguin,P EH1 NG G W AH0 N,2
CAV-678,polar,P OW1 L ER0,1
CAV-678,grizzly,G R IH1 Z L IY0,1
CAV-678,moose,M UW1 S,0
CAV-678,turtle,T ER1 T AH0 L,1
CAV-678,flamingo,F L AH0 M IH1 NG G OW0,1
CAV-678,rhino,R AY1 N OW2,1
CAV-678,toucan,T UW1 Y UW1 K AE1 N,1
CAV-678,parakeet,P EH1 R AH0 K IY2 T,1
CAV-678,alligator,AE1 L AH0 G EY2 T ER0,1
CAV-678,crocodile,K R AA1 K AH0 D AY2 L,1
CAV-678,zebra,Z IY1 B R AH0,1
CAV-678,horse,HH AO1 R S,1
CAV-678,rooster,R UW1 S T ER0,1
CAV-678,chicken,CH IH1 K AH0 N,1
CAV-678,pony,P OW1 N IY0,1
CAY-681,penguin,P EH1 NG G W AH0 N,1
CAY-681,snake,S N EY1 K,1
CAY-681,elephant,EH1 L AH0 F AH0 N T,1
CAY-681,giraffe,JH ER0 AE1 F,1
CAY-681,dog,D AO1 G,0
CAY-681,cat,K AE1 T,0
CAY-681,gorilla,G ER0 IH1 L AH0,1
CAY-681,chimp,CH IH1 M P,1
CAY-681,ape,EY1 P,1
CAY-681,insect,IH1 N S EH2 K T,1
CAY-681,butterfly,B AH1 T ER0 F L AY2,1
CAY-681,ladybug,L EY1 D IY0 B AH2 G,1
CAY-681,beetle,B IY1 T AH0 L,5
CAY-681,beetle,B IY1 T AH0 L,5
CAY-681,worm,W ER1 M,0
CAY-681,ant,AE1 N T,3
CAY-681,ant,AE1 N T,3
CAY-681,lizard,L IH1 Z ER0 D,1
CAY-681,anteater,AE1 N T IY2 T ER0,1
CAY-681,human,HH Y UW1 M AH0 N,2
CAY-681,robin,R AA1 B AH0 N,2
CAY-681,cardinal,K AA1 R D AH0 N AH0 L,2
CAY-681,bluejay,B L UW1 JH EY2,1
CBD-686,lion,L AY1 AH0 N,1
CBD-686,tiger,T AY1 G ER0,1
CBD-686,monkey,M AH1 NG K IY0,0
CBD-686,baboon,B AH0 B UW1 N,0
CBD-686,giraffe,JH ER0 AE1 F,1
CBD-686,elephant,EH1 L AH0 F AH0 N T,2
CBD-686,buffalo,B AH1 F AH0 L OW2,2
CBD-686,polar,P OW1 L ER0,1
CBD-686,bear,B EH1 R,1
CBD-686,grizzly,G R IH1 Z L IY0,1
CBD-686,duck,D AH1 K,1
CBD-686,crocodile,K R AA1 K AH0 D AY2 L,1
CBD-686,alligator,AE1 L AH0 G EY2 T ER0,1
CBD-686,crocodile,K R AA1 K AH0 D AY2 L,1
CBD-686,girdle,G ER1 D AH0 L,2
CBD-686,panda,P AE1 N D AH0,2
CBD-686,sheep,SH IY1 P,1
CBD-686,goat,G OW1 T,0
CBD-686,cow,K AW1,0
CBD-686,pony,P OW1 N IY0,0
CBD-686,horse,HH AO1 R S,0
CBF-691,dog,D AO1 G,0
CBF-691,cat,K AE1 T,0
CBF-691,fish,F IH1 SH,1
CBF-691,elephant,EH1 L AH0 F AH0 N T,1
CBF-691,cheetah,CH IY1 T AH0,1
CBF-691,tiger,T AY1 G ER0,1
CBF-691,lion,L AY1 AH0 N,1
CBF-691,polar,P OW1 L ER0,1
CBF-691,turtle,T ER1 T AH0 L,1
CBF-691,penguin,P EH1 NG G W AH0 N,1
CBF-691,giraffe,JH ER0 AE1 F,1
CBF-691,hamster,HH AE1 M S T ER0,1
CBF-691,gerbil,JH IY1 ER1 B IH1 L,1
CBF-691,squirrel,S K W ER1 AH0 L,1
CBF-691,rabbit,R AE1 B AH0 T,1
CBF-691,coyote,K AY0 OW1 T IY0,1
CBF-691,deer,D IH1 R,1
CBF-691,walrus,W AO1 L R AH0 S,1
CBF-691,eel,IY1 L,1
CBH-693,dog,D AO1 G,0
CBH-693,cat,K AE1 T,0
CBH-693,fish,F IH1 SH,4
CBH-693,jellyfish,JH EH1 L IY0 F IH2 SH,4
CBH-693,shark,SH AA1 R K,1
CBH-693,kangaroo,K AE2 NG G ER0 UW1,1
CBH-693,camel,K AE1 M AH0 L,1
CBH-693,alligator,AE1 L AH0 G EY2 T ER0,1
CBH-693,leopard,L EH1 P ER0 D,1
CBH-693,penguin,P EH1 NG G W AH0 N,1
CBH-693,polar,P OW1 L ER0,1
CBH-693,bear,B EH1 R,4
CBH-693,bear,B EH1 R,4
CBH-693,antelope,AE1 N T AH0 L OW2 P,3
CBH-693,anteater,AE1 N T IY2 T ER0,3
CBH-693,lizard,L IH1 Z ER0 D,1
CBH-693,flamingo,F L AH0 M IH1 NG G OW0,1
CBH-693,bird,B ER1 D,0
CBH-693,peacock,P IY1 K AA2 K,1
CBH-693,monkey,M AH1 NG K IY0,1
CBH-693,chimp,CH IH1 M P,1
CBH-693,lion,L AY1 AH0 N,1
CBH-693,tiger,T AY1 G ER0,1
CBH-693,crocodile,K R AA1 K AH0 D AY2 L,0
CBJ-697,lion,L AY1 AH0 N,1
CBJ-697,tiger,T AY1 G ER0,1
CBJ-697,flamingo,F L AH0 M IH1 NG G OW0,1
CBJ-697,monkey,M AH1 NG K IY0,1
CBJ-697,parrot,P EH1 R AH0 T,4
CBJ-697,ferret,F EH1 R AH0 T,4
CBJ-697,cat,K AE1 T,1
CBJ-697,dog,D AO1 G,0
CBJ-697,fish,F IH1 SH,1
CBJ-697,chimp,CH IH1 M P,1
CBJ-697,squirrel,S K W ER1 AH0 L,1
CBJ-697,zebra,Z IY1 B R AH0,1
CBJ-697,elephant,EH1 L AH0 F AH0 N T,1
CBJ-697,jaguar,JH AE1 G W AA2 R,0
CBJ-697,cheetah,CH IY1 T AH0,0
CBJ-697,rhino,R AY1 N OW2,1
CBJ-697,panda,P AE1 N D AH0,1
CBJ-697,koala,K OW0 AA1 L AH0,1
CBJ-697,anteater,AE1 N T IY2 T ER0,1
CBJ-697,beaver,B IY1 V ER0,1
CBJ-697,porcupine,P AO1 R K Y AH0 P AY2 N,1
CBJ-697,armadillo,AA2 R M AH0 D IH1 L OW0,1
CBJ-697,zebra,Z IY1 B R AH0,1
CBL-698,chihuahua,CH AH0 W AA1 W AA2,0
CBL-698,terrier,T EH1 R IY0 ER0,1
CBL-698,cat,K AE1 T,1
CBL-698,dog,D AO1 G,1
CBL-698,bird,B ER1 D,1
CBL-698,parakeet,P EH1 R AH0 K IY2 T,2
CBL-698,pelican,P EH1 L AH0 K AH0 N,2
CBL-698,parrot,P EH1 R AH0 T,2
CBL-698,pelican,P EH1 L AH0 K AH0 N,2
CBL-698,trex,T R EY1 EH1 K S,1
CBL-698,koala,K OW0 AA1 L AH0,1
CBL-698,kangaroo,K AE2 NG G ER0 UW1,1
CBL-698,giraffe,JH ER0 AE1 F,1
CBL-698,elephant,EH1 L AH0 F AH0 N T,1
CBL-698,tiger,T AY1 G ER0,1
CBL-698,zebra,Z IY1 B R AH0,0
CBL-698,lice,L AY1 S,1
CBL-698,stickbug,S T IH1 K B AH1 G,3
CBL-698,stinkbug,S T IH1 NG K B AH0 G,3
CBL-698,beetle,B IY1 T AH0 L,1
CBM-702,tiger,T AY1 G ER0,0
CBM-702,dolphin,D AA1 L F AH0 N,2
CBM-702,lion,L AY1 AH0 N,2
CBM-702,penguin,P EH1 NG G W AH0 N,2
CBM-702,flamingo,F L AH0 M IH1 NG G OW0,2
CBM-702,seagull,S IY1 G AH2 L,1
CBM-702,pigeon,P IH1 JH AH0 N,1
CBM-702,woodpecker,W UH1 D P EH2 K ER0,1
CBM-702,iguana,AY0 G W AA1 N AH0,1
CBM-702,snake,S N EY1 K,3
CBM-702,snail,S N EY1 L,4
CBM-702,notsnails,N AA1 T S N EY1 L Z,4
CBM-702,goldfish,G OW1 L D F IH2 SH,1
CBM-702,clownfish,K L AW1 N F IH1 SH,1
CBM-702,dog,D AO1 G,0
CBM-702,cat,K AE1 T,0
CBM-702,gerbil,JH IY1 ER1 B IH1 L,0
CBM-702,snake,S N EY1 K,1
CBM-702,hamster,HH AE1 M S T ER0,1
CBM-702,rabbit,R AE1 B AH0 T,1
CBM-702,reptile,R EH1 P T AY0 L,1
CBM-702,polar,P OW1 L ER0,1
CBM-702,grizzly,G R IH1 Z L IY0,1
CBM-702,bear,B EH1 R,1
CBM-702,hedgehog,HH EH1 JH HH AA2 G,1
CBM-702,porcupine,P AO1 R K Y AH0 P AY2 N,1
CBM-702,dinosaur,D AY1 N AH0 S AO2 R,1
CBP-707,cow,K AW1,0
CBP-707,pig,P IH1 G,1
CBP-707,dog,D AO1 G,1
CBP-707,cat,K AE1 T,0
CBP-707,fish,F IH1 SH,0
CBP-707,bird,B ER1 D,0
CBP-707,horse,HH AO1 R S,0
CBP-707,elephant,EH1 L AH0 F AH0 N T,1
CBP-707,tiger,T AY1 G ER0,1
CBP-707,cheetah,CH IY1 T AH0,1
CBP-707,penguin,P EH1 NG G W AH0 N,1
CBP-707,fish,F IH1 SH,1
CBP-707,shark,SH AA1 R K,1
CBP-707,dolphin,D AA1 L F AH0 N,1
CBP-707,whale,W EY1 L,1
CBP-707,ant,AE1 N T,2
CBP-707,centipede,S EH1 N T IH0 P IY2 D,2
CBP-707,millipede,M IH1 L IY0 P IY1 IY1 D,1
CBP-707,lizard,L IH1 Z ER0 D,1
CBP-707,iguana,AY0 G W AA1 N AH0,1
CBP-707,snake,S N EY1 K,1
CBP-707,mouse,M AW1 S,1
CBP-707,rat,R AE1 T,1
CBP-707,parrot,P EH1 R AH0 T,1
CBP-707,worm,W ER1 M,0
CBP-707,elephant,EH1 L AH0 F AH0 N T,0
CBP-707,monkey,M AH1 NG K IY0,0
CBP-707,gorilla,G ER0 IH1 L AH0,0
CBS-711,bear,B EH1 R,0
CBS-711,tiger,T AY1 G ER0,1
CBS-711,rabbit,R AE1 B AH0 T,1
CBS-711,hamster,HH AE1 M S T ER0,1
CBS-711,gerbil,JH IY1 ER1 B IH1 L,1
CBS-711,bird,B ER1 D,1
CBS-711,tiger,T AY1 G ER0,0
CBS-711,dolphin,D AA1 L F AH0 N,1
CBS-711,seal,S IY1 L,1
CBS-711,horse,HH AO1 R S,1
CBS-711,kangaroo,K AE2 NG G ER0 UW1,0
CBS-711,cheetah,CH IY1 T AH0,1
CBS-711,zebra,Z IY1 B R AH0,1
CBS-711,ostrich,AO1 S T R IH0 CH,1
CBS-711,rhino,R AY1 N OW2,1
CBS-711,hippo,HH IH1 P OW0,0
CBS-711,whale,W EY1 L,1
CBS-711,jaguar,JH AE1 G W AA2 R,1
CBS-711,dog,D AO1 G,1
CBS-711,cat,K AE1 T,1
CBS-711,monkey,M AH1 NG K IY0,1
CBS-711,alligator,AE1 L AH0 G EY2 T ER0,1
CBS-711,crocodile,K R AA1 K AH0 D AY2 L,1
CBS-711,toucan,T UW1 Y UW1 K AE1 N,1
CBW-715,horse,HH AO1 R S,0
CBW-715,puppy,P AH1 P IY0,0
CBW-715,dog,D AO1 G,1
CBW-715,pig,P IH1 G,1
CBW-715,donkey,D AA1 NG K IY0,0
CBW-715,mule,M Y UW1 L,1
CBW-715,goose,G UW1 S,1
CBW-715,duck,D AH1 K,0
CBW-715,fish,F IH1 SH,0
CBW-715,cheetah,CH IY1 T AH0,1
CBW-715,lion,L AY1 AH0 N,1
CBW-715,leopard,L EH1 P ER0 D,1
CBW-715,jaguar,JH AE1 G W AA2 R,0
CBW-715,monkey,M AH1 NG K IY0,0
CBW-715,gorilla,G ER0 IH1 L AH0,0
CBW-715,ape,EY1 P,1
CBW-715,snake,S N EY1 K,1
CBW-715,bee,B IY1,0
CCB-720,zebra,Z IY1 B R AH0,0
CCB-720,tiger,T AY1 G ER0,1
CCB-720,lizard,L IH1 Z ER0 D,1
CCB-720,snake,S N EY1 K,1
CCB-720,koala,K OW0 AA1 L AH0,1
CCB-720,shark,SH AA1 R K,1
CCB-720,fish,F IH1 SH,1
CCB-720,rainbow,R EY1 N B OW2,1
CCB-720,bunny,B AH1 N IY0,1
CCB-720,dog,D AO1 G,0
CCB-720,cat,K AE1 T,1
CCB-720,hamster,HH AE1 M S T ER0,1
CCB-720,gopher,G OW1 F ER0,1
CCB-720,leopard,L EH1 P ER0 D,1
CCC-721,dog,D AO1 G,0
CCC-721,cat,K AE1 T,0
CCC-721,lion,L AY1 AH0 N,1
CCC-721,tiger,T AY1 G ER0,1
CCC-721,zebra,Z IY1 B R AH0,1
CCC-721,chicken,CH IH1 K AH0 N,1
CCC-721,fish,F IH1 SH,1
CCC-721,giraffe,JH ER0 AE1 F,1
CCC-721,wolf,W UH1 L F,1
CCC-721,mouse,M AW1 S,1
CCC-721,platypus,P L AE1 T AH0 P UH2 S,1
CCC-721,beaver,B IY1 V ER0,0
CCC-721,duck,D AH1 K,0
CCC-721,goose,G UW1 S,0
CCC-721,bird,B ER1 D,0
CCD-722,dog,D AO1 G,0
CCD-722,cat,K AE1 T,0
CCD-722,horse,HH AO1 R S,1
CCD-722,frog,F R AA1 G,1
CCD-722,butterfly,B AH1 T ER0 F L AY2,1
CCD-722,cricket,K R IH1 K AH0 T,1
CCD-722,spider,S P AY1 D ER0,1
CCD-722,giraffe,JH ER0 AE1 F,1
CCD-722,elephant,EH1 L AH0 F AH0 N T,1
CCD-722,rhino,R AY1 N OW2,1
CCD-722,hippo,HH IH1 P OW0,0
CCD-722,eagle,IY1 G AH0 L,1
CCD-722,tiger,T AY1 G ER0,1
CCD-722,lion,L AY1 AH0 N,1
CCD-722,bear,B EH1 R,0
CCD-722,polar,P OW1 L ER0,1
CCD-722,dolphin,D AA1 L F AH0 N,2
CCD-722,penguin,P EH1 NG G W AH0 N,2
CCD-722,lizard,L IH1 Z ER0 D,0
CCD-722,snake,S N EY1 K,1
CCD-722,tarantula,T AH0 R AE1 N CH UW0 L AH0,1
CCD-722,shark,SH AA1 R K,1
CCD-722,lemur,L IY1 M ER0,1
CCD-722,sloth,S L OW1 TH,1
CCD-722,zebra,Z IY1 B R AH0,1
CCD-722,wildebeest,W AY1 L D B IY1 S T R IY1 T,1
CCD-722,deer,D IH1 R,1
CCD-722,rabbit,R AE1 B AH0 T,1
CCD-722,kangaroo,K AE2 NG G ER0 UW1,0
CCF-724,giraffe,JH ER0 AE1 F,1
CCF-724,elephant,EH1 L AH0 F AH0 N T,1
CCF-724,monkey,M AH1 NG K IY0,1
CCF-724,oscar,AO1 S K ER0,2
CCF-724,ostrich,AO1 S T R IH0 CH,2
CCF-724,fish,F IH1 SH,1
CCF-724,shark,SH AA1 R K,1
CCF-724,whale,W EY1 L,0
CCF-724,bird,B ER1 D,0
CCF-724,hamster,HH AE1 M S T ER0,1
CCF-724,rat,R AE1 T,2
CCF-724,cat,K AE1 T,2
CCF-724,dog,D AO1 G,1
CCF-724,horse,HH AO1 R S,1
CCF-724,pig,P IH1 G,0
CCF-724,cow,K AW1,1
CCF-724,chicken,CH IH1 K AH0 N,1
CCF-724,seal,S IY1 L,0
CCH-726,giraffe,JH ER0 AE1 F,0
CCH-726,hippo,HH IH1 P OW0,0
CCH-726,elephant,EH1 L AH0 F AH0 N T,0
CCH-726,donkey,D AA1 NG K IY0,0
CCH-726,horse,HH AO1 R S,1
CCH-726,dog,D AO1 G,1
CCH-726,cat,K AE1 T,1
CCH-726,tarantula,T AH0 R AE1 N CH UW0 L AH0,1
CCH-726,fish,F IH1 SH,0
CCH-726,raccoon,R AE0 K UW1 N,1
CCH-726,deer,D IH1 R,1
CCH-726,frog,F R AA1 G,1
CCH-726,snake,S N EY1 K,0
CCH-726,parrot,P EH1 R AH0 T,1
CCH-726,macaw,M AH0 K AO1,1
CCH-726,zebra,Z IY1 B R AH0,1
CCH-726,flamingo,F L AH0 M IH1 NG G OW0,1
CCH-726,duck,D AH1 K,0
CCH-726,turtle,T ER1 T AH0 L,2
CCH-726,cheetah,CH IY1 T AH0,2
CCH-726,jaguar,JH AE1 G W AA2 R,1
CCH-726,panther,P AE1 N TH ER0,1
CCH-726,lion,L AY1 AH0 N,1
CCL-730,cat,K AE1 T,0
CCL-730,dog,D AO1 G,0
CCL-730,butterfly,B AH1 T ER0 F L AY2,1
CCL-730,bee,B IY1,2
CCL-730,bee,B IY1,2
CCL-730,lion,L AY1 AH0 N,1
CCL-730,zebra,Z IY1 B R AH0,1
CCL-730,tiger,T AY1 G ER0,1
CCL-730,elephant,EH1 L AH0 F AH0 N T,1
CCL-730,bear,B EH1 R,1
CCL-730,kangaroo,K AE2 NG G ER0 UW1,0
CCL-730,dolphin,D AA1 L F AH0 N,1
CCL-730,fish,F IH1 SH,1
CCL-730,zebra,Z IY1 B R AH0,0
CCL-730,fly,F L AY1,2
CCL-730,flea,F L IY1,2
CCL-730,tiger,T AY1 G ER0,0
CCL-730,squirrel,S K W ER1 AH0 L,1
CCL-730,raccoon,R AE0 K UW1 N,1
CCL-730,possum,P AA1 S AH0 M,0
CCL-730,rat,R AE1 T,0
CCL-730,mouse,M AW1 S,1
CCL-730,snake,S N EY1 K,1
CCL-730,bird,B ER1 D,0
CCX-744,lion,L AY1 AH0 N,1
CCX-744,tiger,T AY1 G ER0,1
CCX-744,bear,B EH1 R,0
CCX-744,giraffe,JH ER0 AE1 F,1
CCX-744,elephant,EH1 L AH0 F AH0 N T,3
CCX-744,dolphin,D AA1 L F AH0 N,3
CCX-744,whale,W EY1 L,1
CCX-744,snake,S N EY1 K,1
CCX-744,rabbit,R AE1 B AH0 T,0
CCX-744,lizard,L IH1 Z ER0 D,1
CCX-744,spider,S P AY1 D ER0,1
CCX-744,bat,B AE1 T,0
CCX-744,raccoon,R AE0 K UW1 N,1
CCX-744,fox,F AA1 K S,1
CCX-744,wolf,W UH1 L F,1
CCX-744,meerkat,M IY1 ER0 K AE1 T,0
CCX-744,deer,D IH1 R,1
CCX-744,fish,F IH1 SH,1
CDG-753,tiger,T AY1 G ER0,1
CDG-753,lion,L AY1 AH0 N,1
CDG-753,zebra,Z IY1 B R AH0,1
CDG-753,mammoth,M AE1 M AH0 TH,1
CDG-753,elephant,EH1 L AH0 F AH0 N T,1
CDG-753,manatee,M AE1 N AH0 T IY2,1
CDG-753,hippo,HH IH1 P OW0,0
CDG-753,giraffe,JH ER0 AE1 F,1
CDG-753,panda,P AE1 N D AH0,1
CDG-753,lemur,L IY1 M ER0,1
CDG-753,sloth,S L OW1 TH,1
CDG-753,fish,F IH1 SH,0
CDG-753,eel,IY1 L,0
CDG-753,barracuda,B EH2 R AH0 K UW1 D AH0,1
CDG-753,shark,SH AA1 R K,1
CDG-753,dolphin,D AA1 L F AH0 N,1
CDG-753,whale,W EY1 L,1
CDG-753,monkey,M AH1 NG K IY0,0
CDG-753,ape,EY1 P,0
CDG-753,gorilla,G ER0 IH1 L AH0,1
CDG-753,chimp,CH IH1 M P,1
CDG-753,eagle,IY1 G AH0 L,4
CDG-753,eagle,IY1 G AH0 L,4
CDG-753,hawk,HH AO1 K,0
CDH-754,wolf,W UH1 L F,0
CDH-754,bear,B EH1 R,1
CDH-754,trex,T R EY1 EH1 K S,1
CDH-754,dragon,D R AE1 G AH0 N,2
CDH-754,pegasus,P EH1 G AH0 S AH0 S,3
CDH-754,stegosaurus,S T EH2 G AH0 S AO1 R AH0 S,3
CDH-754,triceratops,T R AY2 S EH1 R AH0 T AO2 P S,2
CDH-754,monster,M AA1 N S T ER0,1
CDH-754,turtle,T ER1 T AH0 L,1
CDH-754,piranha,P IH0 R AE1 N HH AH0,1
CDH-754,frog,F R AA1 G,1
CDH-754,turtle,T ER1 T AH0 L,2
CDH-754,tortoise,T AO1 R T AH0 S,2
CDH-754,meerkat,M IY1 ER0 K AE1 T,1
CDM-759,dog,D AO1 G,0
CDM-759,cat,K AE1 T,1
CDM-759,elephant,EH1 L AH0 F AH0 N T,1
CDM-759,squirrel,S K W ER1 AH0 L,1
CDM-759,lion,L AY1 AH0 N,4
CDM-759,lioness,L AY1 AH0 N EH1 S,4
CDM-759,fish,F IH1 SH,1
CDM-759,deer,D IH1 R,1
CDM-759,rabbit,R AE1 B AH0 T,1
CDM-759,squirrel,S K W ER1 AH0 L,1
CDM-759,hamster,HH AE1 M S T ER0,1
CDM-759,bird,B ER1 D,0
CDM-759,cow,K AW1,0
CDM-759,lizard,L IH1 Z ER0 D,0
CDM-759,porcupine,P AO1 R K Y AH0 P AY2 N,1
CDM-759,koala,K OW0 AA1 L AH0,1
CDM-759,bluejay,B L UW1 JH EY2,1
CDM-759,hippo,HH IH1 P OW0,0
CDM-759,giraffe,JH ER0 AE1 F,0
CDR-764,giraffe,JH ER0 AE1 F,1
CDR-764,orangutan,AO0 R AE1 NG AH0 T AE0 N,1
CDR-764,monkey,M AH1 NG K IY0,1
CDR-764,elephant,EH1 L AH0 F AH0 N T,0
CDR-764,bird,B ER1 D,0
CDR-764,eagle,IY1 G AH0 L,1
CDR-764,jaguar,JH AE1 G W AA2 R,1
CDR-764,cheetah,CH IY1 T AH0,0
CDR-764,frog,F R AA1 G,0
CDR-764,toad,T OW1 D,0
CDR-764,flamingo,F L AH0 M IH1 NG G OW0,1
CDR-764,lion,L AY1 AH0 N,1
CDR-764,mouse,M AW1 S,0
CDR-764,bat,B AE1 T,0
CDR-764,fish,F IH1 SH,0
CDR-764,ape,EY1 P,1
CDR-764,chimp,CH IH1 M P,1
CDR-764,rhino,R AY1 N OW2,0
CDU-767,cat,K AE1 T,0
CDU-767,dog,D AO1 G,0
CDU-767,fish,F IH1 SH,0
CDU-767,tiger,T AY1 G ER0,1
CDU-767,lion,L AY1 AH0 N,1
CDU-767,rabbit,R AE1 B AH0 T,1
CDU-767,raccoon,R AE0 K UW1 N,1
CDU-767,deer,D IH1 R,1
CDU-767,mammoth,M AE1 M AH0 TH,0
CDU-767,whale,W EY1 L,0
CDU-767,shark,SH AA1 R K,0
CDU-767,bird,B ER1 D,0
CDU-767,penguin,P EH1 NG G W AH0 N,1
CDU-767,wolf,W UH1 L F,1
CDU-767,badger,B AE1 JH ER0,0
CDU-767,fish,F IH1 SH,0
CDU-767,baboon,B AH0 B UW1 N,1
CDU-767,gorilla,G ER0 IH1 L AH0,1
CDU-767,ape,EY1 P,0
SFZ-149,monkey,M AH1 NG K IY0,0
SFZ-149,elephant,EH1 L AH0 F AH0 N T,1
SFZ-149,giraffe,JH ER0 AE1 F,1
SFZ-149,bird,B ER1 D,0
SFZ-149,parrot,P EH1 R AH0 T,2
SFZ-149,pilgrim,P IH1 L G R AH0 M,2
SFZ-149,hippo,HH IH1 P OW0,1
SFZ-149,eagle,IY1 G AH0 L,2
SFZ-149,turtle,T ER1 T AH0 L,2
SFZ-149,tiger,T AY1 G ER0,1
SFZ-149,lion,L AY1 AH0 N,1
SFZ-149,cheetah,CH IY1 T AH0,1
SFZ-149,donkey,D AA1 NG K IY0,0
SFZ-149,horse,HH AO1 R S,0
SFZ-149,fish,F IH1 SH,0
SFZ-149,cow,K AW1,0
SFZ-149,gorilla,G ER0 IH1 L AH0,0
SFZ-149,snake,S N EY1 K,1
SFZ-149,spider,S P AY1 D ER0,1
SFZ-149,alligator,AE1 L AH0 G EY2 T ER0,1
SGO-159,dog,D AO1 G,0
SGO-159,cat,K AE1 T,1
SGO-159,ferret,F EH1 R AH0 T,1
SGO-159,hamster,HH AE1 M S T ER0,1
SGO-159,mouse,M AW1 S,1
SGO-159,bird,B ER1 D,0
SGO-159,parrot,P EH1 R AH0 T,1
SGO-159,elephant,EH1 L AH0 F AH0 N T,1
SGO-159,giraffe,JH ER0 AE1 F,1
SGO-159,rhino,R AY1 N OW2,1
SGO-159,snake,S N EY1 K,1
SGO-159,gorilla,G ER0 IH1 L AH0,0
SGO-159,ape,EY1 P,0
SGO-159,monkey,M AH1 NG K IY0,1
SGO-159,squirrel,S K W ER1 AH0 L,1
SGO-159,groundhog,G R AW1 N D HH AA2 G,1
SGO-159,raccoon,R AE0 K UW1 N,1
SGO-159,possum,P AA1 S AH0 M,0
SGO-159,deer,D IH1 R,0
SGO-159,turkey,T ER1 K IY0,1
SGO-159,coyote,K AY0 OW1 T IY0,1
SGO-159,moose,M UW1 S,0
SGO-159,bug,B AH1 G,0
SGO-159,leopard,L EH1 P ER0 D,1
SGO-159,lion,L AY1 AH0 N,1
SGO-159,leopard,L EH1 P ER0 D,1
SGO-159,cow,K AW1,0
SGO-159,horse,HH AO1 R S,0
SGO-159,pig,P IH1 G,1
SGO-159,hog,HH AA1 G,1
SGO-159,turkey,T ER1 K IY0,1
SGO-159,rooster,R UW1 S T ER0,1
SGO-159,chicken,CH IH1 K AH0 N,1
SGO-159,turtle,T ER1 T AH0 L,1
SGO-159,fish,F IH1 SH,0
SGO-159,scorpion,S K AO1 R P IY0 AH0 N,0
SIU-211,frog,F R AA1 G,0
SIU-211,lizard,L IH1 Z ER0 D,0
SIU-211,snake,S N EY1 K,1
SIU-211,lion,L AY1 AH0 N,1
SIU-211,tiger,T AY1 G ER0,1
SIU-211,monkey,M AH1 NG K IY0,0
SIU-211,bird,B ER1 D,1
SIU-211,lizard,L IH1 Z ER0 D,5
SIU-211,lizard,L IH1 Z ER0 D,5
SIU-211,deer,D IH1 R,1
SIU-211,bear,B EH1 R,1
SIU-211,squirrel,S K W ER1 AH0 L,1
SIU-211,chipmunk,CH IH1 P M AH1 NG K,3
SIU-211,skunk,S K AH1 NG K,3
SIU-211,fish,F IH1 SH,0
SIU-211,dog,D AO1 G,1
SIU-211,waterbug,W AO1 T ER0 B AH1 G,1
SIU-211,spider,S P AY1 D ER0,1
SIU-211,fly,F L AY1,1
SIU-211,ant,AE1 N T,1
SIU-211,giraffe,JH ER0 AE1 F,1
SIU-211,elephant,EH1 L AH0 F AH0 N T,2
SIU-211,penguin,P EH1 NG G W AH0 N,2
SIU-211,hippo,HH IH1 P OW0,1
SIZ-390,cat,K AE1 T,0
SIZ-390,dog,D AO1 G,0
SIZ-390,moose,M UW1 S,0
SIZ-390,cow,K AW1,1
SIZ-390,kangaroo,K AE2 NG G ER0 UW1,2
SIZ-390,tiger,T AY1 G ER0,2
SIZ-390,lion,L AY1 AH0 N,1
SIZ-390,tiger,T AY1 G ER0,1
SIZ-390,elephant,EH1 L AH0 F AH0 N T,1
SIZ-390,hippo,HH IH1 P OW0,0
SIZ-390,rhino,R AY1 N OW2,1
SIZ-390,manatee,M AE1 N AH0 T IY2,1
SIZ-390,giraffe,JH ER0 AE1 F,1
SIZ-390,whale,W EY1 L,0
SIZ-390,bird,B ER1 D,0
SIZ-390,chimp,CH IH1 M P,1
SIZ-390,monkey,M AH1 NG K IY0,1
SKE-234,lion,L AY1 AH0 N,1
SKE-234,cheetah,CH IY1 T AH0,1
SKE-234,rhino,R AY1 N OW2,1
SKE-234,zebra,Z IY1 B R AH0,1
SKE-234,giraffe,JH ER0 AE1 F,1
SKE-234,gorilla,G ER0 IH1 L AH0,1
SKE-234,monkey,M AH1 NG K IY0,1
SKE-234,penguin,P EH1 NG G W AH0 N,1
SKE-234,polar,P OW1 L ER0,1
SKE-234,seal,S IY1 L,1
SKE-234,killer,K IH1 L ER0,1
SKE-234,dolphin,D AA1 L F AH0 N,1
SKE-234,shark,SH AA1 R K,1
SKE-234,wolf,W UH1 L F,0
SKE-234,coyote,K AY0 OW1 T IY0,1
SKE-234,squirrel,S K W ER1 AH0 L,1
SKE-234,chipmunk,CH IH1 P M AH1 NG K,1
SKE-234,owl,AW1 L,1
SKE-234,eagle,IY1 G AH0 L,1
SKE-234,dog,D AO1 G,1
SKE-234,cat,K AE1 T,0
SKE-234,pig,P IH1 G,0
SKE-234,horse,HH AO1 R S,0
SKE-234,cow,K AW1,1
SKE-234,chicken,CH IH1 K AH0 N,1
SKE-234,rooster,R UW1 S T ER0,0
SKE-234,duck,D AH1 K,0
SKE-234,sheep,SH IY1 P,0
SMK-401,dog,D AO1 G,0
SMK-401,cat,K AE1 T,1
SMK-401,giraffe,JH ER0 AE1 F,1
SMK-401,monkey,M AH1 NG K IY0,0
SMK-401,dolphin,D AA1 L F AH0 N,1
SMK-401,fish,F IH1 SH,4
SMK-401,goldfish,G OW1 L D F IH2 SH,4
SMK-401,shark,SH AA1 R K,1
SMK-401,deer,D IH1 R,1
SMK-401,buck,B AH1 K,1
SMK-401,squirrel,S K W ER1 AH0 L,1
SMK-401,raccoon,R AE0 K UW1 N,1
SMK-401,beaver,B IY1 V ER0,1
SMK-401,bird,B ER1 D,1
SMK-401,eagle,IY1 G AH0 L,1
SMK-401,tiger,T AY1 G ER0,1
SMK-401,cheetah,CH IY1 T AH0,1
SMK-401,lion,L AY1 AH0 N,2
SMK-401,elephant,EH1 L AH0 F AH0 N T,2
SMK-401,skunk,S K AH1 NG K,1
SMK-401,moose,M UW1 S,2
SMK-401,goose,G UW1 S,4
SMK-401,goose,G UW1 S,4
SMK-401,turkey,T ER1 K IY0,0
SNI-300,dolphin,D AA1 L F AH0 N,1
SNI-300,killer,K IH1 L ER0,1
SNI-300,whale,W EY1 L,1
SNI-300,shark,SH AA1 R K,1
SNI-300,seahorse,S IY1 HH AO1 R S,1
SNI-300,penguin,P EH1 NG G W AH0 N,0
SNI-300,giraffe,JH ER0 AE1 F,1
SNI-300,elephant,EH1 L AH0 F AH0 N T,2
SNI-300,alligator,AE1 L AH0 G EY2 T ER0,2
SNI-300,lizard,L IH1 Z ER0 D,1
SNI-300,bobcat,B AA1 B K AE2 T,1
SNI-300,tiger,T AY1 G ER0,1
SNI-300,leopard,L EH1 P ER0 D,1
SNI-300,jaguar,JH AE1 G W AA2 R,1
SNI-300,dog,D AO1 G,1
SNI-300,cat,K AE1 T,1
SNI-300,parrot,P EH1 R AH0 T,1
SNI-300,horse,HH AO1 R S,1
SNR-308,panther,P AE1 N TH ER0,1
SNR-308,tiger,T AY1 G ER0,1
SNR-308,bobcat,B AA1 B K AE2 T,1
SNR-308,dog,D AO1 G,1
SNR-308,shepherd,SH EH1 P ER0 D,1
SNR-308,pigeon,P IH1 JH AH0 N,2
SNR-308,falcon,F AE1 L K AH0 N,2
SNR-308,eagle,IY1 G AH0 L,1
SNR-308,fox,F AA1 K S,1
SNR-308,wolf,W UH1 L F,1
SNR-308,bear,B EH1 R,1
SNR-308,buffalo,B AH1 F AH0 L OW2,1
SNR-308,koala,K OW0 AA1 L AH0,1
SNR-308,polar,P OW1 L ER0,1
SNR-308,penguin,P EH1 NG G W AH0 N,2
SNR-308,kitten,K IH1 T AH0 N,2
SNT-310,penguin,P EH1 NG G W AH0 N,2
SNT-310,elephant,EH1 L AH0 F AH0 N T,2
SNT-310,zebra,Z IY1 B R AH0,1
SNT-310,flamingo,F L AH0 M IH1 NG G OW0,1
SNT-310,frog,F R AA1 G,1
SNT-310,dog,D AO1 G,1
SNT-310,cat,K AE1 T,0
SNT-310,bird,B ER1 D,0
SNT-310,pigeon,P IH1 JH AH0 N,0
SNT-310,seagull,S IY1 G AH2 L,1
SNT-310,pig,P IH1 G,1
SNT-310,cow,K AW1,0
SNT-310,horse,HH AO1 R S,1
SNT-310,armadillo,AA2 R M AH0 D IH1 L OW0,1
SNT-310,squirrel,S K W ER1 AH0 L,1
SNT-310,mouse,M AW1 S,1
SNT-310,skunk,S K AH1 NG K,1
SNT-310,raccoon,R AE0 K UW1 N,1
SNT-310,fox,F AA1 K S,1
SNT-310,bear,B EH1 R,0
SNT-310,lion,L AY1 AH0 N,1
SNT-310,tiger,T AY1 G ER0,1
SNT-310,panther,P AE1 N TH ER0,1
SNT-310,cougar,K UW1 G ER0,1
SNT-310,moose,M UW1 S,1
SNT-310,caribou,K EH1 R IH0 B UW2,1
SNT-310,deer,D IH1 R,1
SNV-312,cat,K AE1 T,0
SNV-312,dog,D AO1 G,0
SNV-312,fish,F IH1 SH,0
SNV-312,turtle,T ER1 T AH0 L,1
SNV-312,bird,B ER1 D,1
SNV-312,alligator,AE1 L AH0 G EY2 T ER0,1
SNV-312,tiger,T AY1 G ER0,1
SNV-312,lion,L AY1 AH0 N,1
SNV-312,monkey,M AH1 NG K IY0,0
SNV-312,giraffe,JH ER0 AE1 F,1
SNV-312,elephant,EH1 L AH0 F AH0 N T,1
SNV-312,snake,S N EY1 K,1
SNV-312,frog,F R AA1 G,0
SNV-312,worm,W ER1 M,0
SNV-312,bear,B EH1 R,0
SNV-312,wolf,W UH1 L F,0
SNV-312,kangaroo,K AE2 NG G ER0 UW1,1
SNV-312,octopus,AA1 K T AH0 P UH2 S,1
SNY-315,deer,D IH1 R,1
SNY-315,raccoon,R AE0 K UW1 N,1
SNY-315,squirrel,S K W ER1 AH0 L,1
SNY-315,possum,P AA1 S AH0 M,1
SNY-315,dog,D AO1 G,0
SNY-315,cat,K AE1 T,1
SNY-315,rabbit,R AE1 B AH0 T,1
SNY-315,zebra,Z IY1 B R AH0,1
SNY-315,tiger,T AY1 G ER0,1
SNY-315,lion,L AY1 AH0 N,1
SNY-315,leopard,L EH1 P ER0 D,1
SNY-315,antelope,AE1 N T AH0 L OW2 P,1
SNY-315,cougar,K UW1 G ER0,0
SNY-315,bear,B EH1 R,0
SNY-315,polar,P OW1 L ER0,1
SNY-315,wolf,W UH1 L F,1
SNY-315,sheep,SH IY1 P,0
SNY-315,goat,G OW1 T,0
SNY-315,cow,K AW1,0
SNY-315,horse,HH AO1 R S,0
SOA-317,lion,L AY1 AH0 N,1
SOA-317,tiger,T AY1 G ER0,1
SOA-317,giraffe,JH ER0 AE1 F,1
SOA-317,zebra,Z IY1 B R AH0,0
SOA-317,monkey,M AH1 NG K IY0,0
SOA-317,parrot,P EH1 R AH0 T,1
SOA-317,goat,G OW1 T,1
SOE-320,chicken,CH IH1 K AH0 N,0
SOE-320,goat,G OW1 T,0
SOE-320,rhino,R AY1 N OW2,0
SOE-320,cow,K AW1,0
SOE-320,horse,HH AO1 R S,0
SOE-320,cat,K AE1 T,0
SOE-320,dog,D AO1 G,0
SOE-320,elephant,EH1 L AH0 F AH0 N T,1
SOE-320,zebra,Z IY1 B R AH0,1
SOE-320,lion,L AY1 AH0 N,1
SOE-320,bird,B ER1 D,1
SOE-320,panda,P AE1 N D AH0,1
SOE-320,polar,P OW1 L ER0,1
SOQ-329,ant,AE1 N T,3
SOQ-329,anteater,AE1 N T IY2 T ER0,3
SOQ-329,giraffe,JH ER0 AE1 F,1
SOQ-329,elephant,EH1 L AH0 F AH0 N T,2
SOQ-329,lion,L AY1 AH0 N,2
SOQ-329,tiger,T AY1 G ER0,1
SOQ-329,dog,D AO1 G,1
SOQ-329,cat,K AE1 T,0
SOQ-329,fish,F IH1 SH,0
SOQ-329,monkey,M AH1 NG K IY0,0
SOQ-329,hippo,HH IH1 P OW0,0
SOQ-329,rhino,R AY1 N OW2,0
SOQ-329,ape,EY1 P,0
SOQ-329,shark,SH AA1 R K,1
SOQ-329,dolphin,D AA1 L F AH0 N,1
SOQ-329,seal,S IY1 L,1
SOQ-329,polar,P OW1 L ER0,1
SOQ-329,bear,B EH1 R,1
SOQ-329,bird,B ER1 D,1
SOQ-329,crane,K R EY1 N,1
SOQ-329,swan,S W AA1 N,1
SOQ-329,pigeon,P IH1 JH AH0 N,1
SOQ-329,dragonfly,D R AA1 G OW0 EH1 N F L AY1,1
SOX-335,tiger,T AY1 G ER0,1
SOX-335,lion,L AY1 AH0 N,2
SOX-335,elephant,EH1 L AH0 F AH0 N T,2
SOX-335,sealion,S IY1 L AY1 AH0 N,2
SOX-335,dolphin,D AA1 L F AH0 N,2
SOX-335,catfish,K AE1 T F IH2 SH,1
SOX-335,penguin,P EH1 NG G W AH0 N,1
SOX-335,monkey,M AH1 NG K IY0,1
SOX-335,shark,SH AA1 R K,1
SOX-335,whale,W EY1 L,0
SOX-335,tigerfish,T AY1 G ER0 F IH1 SH,0
SPA-338,frog,F R AA1 G,1
SPA-338,horse,HH AO1 R S,1
SPA-338,tiger,T AY1 G ER0,1
SPA-338,lion,L AY1 AH0 N,1
SPA-338,seahorse,S IY1 HH AO1 R S,2
SPA-338,sealion,S IY1 L AY1 AH0 N,2
SPA-338,hippo,HH IH1 P OW0,0
SPA-338,dolphin,D AA1 L F AH0 N,1
SPA-338,shark,SH AA1 R K,1
SPA-338,fish,F IH1 SH,1
SPA-338,zebra,Z IY1 B R AH0,1
SPA-338,gazelle,G AH0 Z EH1 L,1
SPA-338,tiger,T AY1 G ER0,1
SPA-338,alligator,AE1 L AH0 G EY2 T ER0,1
SPA-338,crocodile,K R AA1 K AH0 D AY2 L,1
SPA-338,giraffe,JH ER0 AE1 F,1
SPA-338,elephant,EH1 L AH0 F AH0 N T,1
SPC-340,dog,D AO1 G,0
SPC-340,cat,K AE1 T,1
SPC-340,chicken,CH IH1 K AH0 N,1
SPC-340,rooster,R UW1 S T ER0,0
SPC-340,pig,P IH1 G,0
SPC-340,bird,B ER1 D,0
SPC-340,horse,HH AO1 R S,0
SPC-340,cow,K AW1,0
SPC-340,zebra,Z IY1 B R AH0,1
SPC-340,cheetah,CH IY1 T AH0,1
SPC-340,leopard,L EH1 P ER0 D,1
SPC-340,bear,B EH1 R,1
SPC-340,walrus,W AO1 L R AH0 S,1
SPC-340,seal,S IY1 L,1
SPC-340,dolphin,D AA1 L F AH0 N,1
SPC-340,giraffe,JH ER0 AE1 F,1
SPC-340,elephant,EH1 L AH0 F AH0 N T,1
SPC-340,monkey,M AH1 NG K IY0,0
SPC-340,spider,S P AY1 D ER0,1
SPC-340,snake,S N EY1 K,1
SPH-344,elephant,EH1 L AH0 F AH0 N T,1
SPH-344,zebra,Z IY1 B R AH0,1
SPH-344,bird,B ER1 D,1
SPH-344,dog,D AO1 G,1
SPH-344,cat,K AE1 T,0
SPH-344,fish,F IH1 SH,0
SPH-344,lion,L AY1 AH0 N,1
SPH-344,tiger,T AY1 G ER0,1
SPH-344,deer,D IH1 R,1
SPH-344,hippo,HH IH1 P OW0,1
SPL-436,horse,HH AO1 R S,0
SPL-436,wolf,W UH1 L F,0
SPL-436,dog,D AO1 G,0
SPL-436,cow,K AW1,0
SPL-436,hyena,HH AY0 IY1 N AH0,1
SPL-436,lion,L AY1 AH0 N,1
SPL-436,tiger,T AY1 G ER0,1
SPL-436,bear,B EH1 R,0
SPL-436,cheetah,CH IY1 T AH0,1
SPL-436,walrus,W AO1 L R AH0 S,1
SPL-436,seal,S IY1 L,1
SPL-436,polar,P OW1 L ER0,1
SPL-436,porcupine,P AO1 R K Y AH0 P AY2 N,2
SPL-436,horse,HH AO1 R S,2
SPL-436,bull,B UH1 L,4
SPL-436,bull,B UH1 L,4
SPL-436,oxen,AA1 K S AH0 N,0
SPV-450,dog,D AO1 G,0
SPV-450,cat,K AE1 T,0
SPV-450,bird,B ER1 D,0
SPV-450,pig,P IH1 G,0
SPV-450,elephant,EH1 L AH0 F AH0 N T,1
SPV-450,giraffe,JH ER0 AE1 F,1
SPV-450,alligator,AE1 L AH0 G EY2 T ER0,1
SPV-450,snake,S N EY1 K,0
SPV-450,frog,F R AA1 G,1
SPV-450,fish,F IH1 SH,1
SPV-450,groundhog,G R AW1 N D HH AA2 G,1
SPV-450,boar,B AO1 R,1
SPV-450,lion,L AY1 AH0 N,1
SPV-450,tiger,T AY1 G ER0,1
SPV-450,wolf,W UH1 L F,0
SPV-450,coyote,K AY0 OW1 T IY0,1
SPV-450,chicken,CH IH1 K AH0 N,1
SPV-450,rooster,R UW1 S T ER0,0
SPV-450,bunny,B AH1 N IY0,0
SPX-452,cat,K AE1 T,0
SPX-452,dog,D AO1 G,1
SPX-452,dolphin,D AA1 L F AH0 N,1
SPX-452,shark,SH AA1 R K,1
SPX-452,alligator,AE1 L AH0 G EY2 T ER0,1
SPX-452,crocodile,K R AA1 K AH0 D AY2 L,1
SPX-452,bird,B ER1 D,1
SPX-452,bear,B EH1 R,1
SPX-452,coyote,K AY0 OW1 T IY0,0
SPX-452,wolf,W UH1 L F,1
SPX-452,fish,F IH1 SH,1
SPX-452,seahorse,S IY1 HH AO1 R S,1
SPX-452,snail,S N EY1 L,1
SPX-452,koala,K OW0 AA1 L AH0,1
SPX-452,panda,P AE1 N D AH0,1
SPX-452,grizzly,G R IH1 Z L IY0,0
SPX-452,hyena,HH AY0 IY1 N AH0,1
SPX-452,snake,S N EY1 K,1
SPX-452,frog,F R AA1 G,0
SPX-452,toad,T OW1 D,0
SPX-452,lion,L AY1 AH0 N,1
SPX-452,leopard,L EH1 P ER0 D,1
SRF-483,lion,L AY1 AH0 N,0
SRF-483,bear,B EH1 R,0
SRF-483,lion,L AY1 AH0 N,0
SRF-483,cat,K AE1 T,0
SRF-483,dog,D AO1 G,1
SRF-483,lizard,L IH1 Z ER0 D,1
SRF-483,bird,B ER1 D,1
SRF-483,falcon,F AE1 L K AH0 N,3
SRF-483,pelican,P EH1 L AH0 K AH0 N,3
SRF-483,warthog,W AO1 R T HH AA1 G,1
SRF-483,pig,P IH1 G,1
SRF-483,horse,HH AO1 R S,0
SRF-483,chicken,CH IH1 K AH0 N,0
SRF-483,hog,HH AA1 G,0
SRF-483,sabertoothcat,S EY1 B ER0 T UW1 T EY1 CH K AE1 T,1
SRF-483,duck,D AH1 K,1
SRR-498,dog,D AO1 G,0
SRR-498,cat,K AE1 T,0
SRR-498,horse,HH AO1 R S,0
SRR-498,turtle,T ER1 T AH0 L,0
SRR-498,ape,EY1 P,0
SRR-498,monkey,M AH1 NG K IY0,1
SRR-498,pony,P OW1 N IY0,1
SRR-498,tiger,T AY1 G ER0,0
SRR-498,shark,SH AA1 R K,0
SRR-498,lizard,L IH1 Z ER0 D,0
SRR-498,gecko,G EH1 K OW0,0
SRR-498,ant,AE1 N T,0
SRR-498,worm,W ER1 M,1
SRR-498,bird,B ER1 D,1
SRR-498,bear,B EH1 R,1
SRR-498,goat,G OW1 T,0
SRR-498,deer,D IH1 R,0
SRR-498,lion,L AY1 AH0 N,0
SSG-520,lion,L AY1 AH0 N,1
SSG-520,tiger,T AY1 G ER0,1
SSG-520,flamingo,F L AH0 M IH1 NG G OW0,1
SSG-520,monkey,M AH1 NG K IY0,1
SSG-520,whale,W EY1 L,0
SSG-520,fish,F IH1 SH,1
SSG-520,shark,SH AA1 R K,1
SSG-520,panther,P AE1 N TH ER0,1
SSG-520,cat,K AE1 T,1
SSG-520,dog,D AO1 G,0
SSG-520,snake,S N EY1 K,0
SSG-520,turtle,T ER1 T AH0 L,5
SSG-520,turtle,T ER1 T AH0 L,5
SSG-520,crab,K R AE1 B,1
SSG-520,squid,S K W IH1 D,1
SSG-520,octopus,AA1 K T AH0 P UH2 S,1
SSZ-539,pig,P IH1 G,0
SSZ-539,cow,K AW1,0
SSZ-539,horse,HH AO1 R S,0
SSZ-539,cat,K AE1 T,0
SSZ-539,fish,F IH1 SH,0
SSZ-539,dog,D AO1 G,0
SSZ-539,monkey,M AH1 NG K IY0,0
SSZ-539,alligator,AE1 L AH0 G EY2 T ER0,0
SSZ-539,monkey,M AH1 NG K IY0,0
SSZ-539,hippo,HH IH1 P OW0,0
SSZ-539,dolphin,D AA1 L F AH0 N,1
SSZ-539,shark,SH AA1 R K,1
SSZ-539,rainbow,R EY1 N B OW2,1
SUG-544,dog,D AO1 G,0
SUG-544,cat,K AE1 T,0
SUG-544,pig,P IH1 G,0
SUG-544,cow,K AW1,1
SUG-544,chicken,CH IH1 K AH0 N,2
SUG-544,elephant,EH1 L AH0 F AH0 N T,2
SUG-544,monkey,M AH1 NG K IY0,0
SUG-544,fish,F IH1 SH,1
SUG-544,giraffe,JH ER0 AE1 F,1
SUG-544,dolphin,D AA1 L F AH0 N,6
SUG-544,dolphin,D AA1 L F AH0 N,6
SUG-544,zebra,Z IY1 B R AH0,1
SUG-544,shark,SH AA1 R K,1
SUG-544,turtle,T ER1 T AH0 L,0
SUG-544,cow,K AW1,0
SUT-556,elephant,EH1 L AH0 F AH0 N T,1
SUT-556,giraffe,JH ER0 AE1 F,1
SUT-556,turtle,T ER1 T AH0 L,1
SUT-556,zebra,Z IY1 B R AH0,1
SUT-556,monkey,M AH1 NG K IY0,0
SUT-556,dog,D AO1 G,0
SUT-556,cat,K AE1 T,0
SUT-556,lizard,L IH1 Z ER0 D,1
SUT-556,dinosaur,D AY1 N AH0 S AO2 R,1
SUT-556,bear,B EH1 R,1
SUT-556,dragon,D R AE1 G AH0 N,1
SUT-556,horse,HH AO1 R S,1
SUT-556,pig,P IH1 G,0
SUT-556,cow,K AW1,0
SUT-556,bird,B ER1 D,0
SUV-558,lion,L AY1 AH0 N,1
SUV-558,zebra,Z IY1 B R AH0,1
SUV-558,cheetah,CH IY1 T AH0,1
SUV-558,leopard,L EH1 P ER0 D,1
SUV-558,elephant,EH1 L AH0 F AH0 N T,1
SUV-558,zebra,Z IY1 B R AH0,1
SUV-558,snake,S N EY1 K,1
SUV-558,monkey,M AH1 NG K IY0,1
SUV-558,gorilla,G ER0 IH1 L AH0,1
SUV-558,giraffe,JH ER0 AE1 F,1
SUV-558,tiger,T AY1 G ER0,1
SUV-558,cub,K AH1 B,0
SUV-558,ant,AE1 N T,1
SUV-558,dragon,D R AE1 G AH0 N,1
SUV-558,zebra,Z IY1 B R AH0,1
SUV-558,horse,HH AO1 R S,1
SUV-558,cow,K AW1,0
SUV-558,sheep,SH IY1 P,0
SUV-558,chicken,CH IH1 K AH0 N,0
SVA-563,rhino,R AY1 N OW2,1
SVA-563,orangutan,AO0 R AE1 NG AH0 T AE0 N,1
SVA-563,chimp,CH IH1 M P,2
SVA-563,chipmunk,CH IH1 P M AH1 NG K,2
SVA-563,giraffe,JH ER0 AE1 F,1
SVA-563,gorilla,G ER0 IH1 L AH0,5
SVA-563,gorilla,G ER0 IH1 L AH0,5
SVA-563,dog,D AO1 G,1
SVA-563,cat,K AE1 T,1
SVA-563,hamster,HH AE1 M S T ER0,1
SVA-563,fish,F IH1 SH,1
SVA-563,frog,F R AA1 G,1
SVA-563,snake,S N EY1 K,1
SVA-563,caterpillar,K AE1 T AH0 P IH2 L ER0,1
SVA-563,giraffe,JH ER0 AE1 F,1
SVA-563,rhino,R AY1 N OW2,1
SVA-563,buffalo,B AH1 F AH0 L OW2,1
SVA-563,horse,HH AO1 R S,0
SVA-563,antelope,AE1 N T AH0 L OW2 P,0
SVA-563,deer,D IH1 R,0
SVA-563,sheep,SH IY1 P,0
SVH-570,dog,D AO1 G,0
SVH-570,cat,K AE1 T,1
SVH-570,rabbit,R AE1 B AH0 T,1
SVH-570,hamster,HH AE1 M S T ER0,1
SVH-570,gerbil,JH IY1 ER1 B IH1 L,1
SVH-570,guinea,G IH1 N IY0,4
SVH-570,penguin,P EH1 NG G W AH0 N,4
SVH-570,giraffe,JH ER0 AE1 F,1
SVH-570,jaguar,JH AE1 G W AA2 R,1
SVH-570,lion,L AY1 AH0 N,1
SVH-570,cheetah,CH IY1 T AH0,1
SVH-570,prairie,P R EH1 R IY0,0
SVH-570,gorilla,G ER0 IH1 L AH0,2
SVH-570,elephant,EH1 L AH0 F AH0 N T,2
SVH-570,tiger,T AY1 G ER0,1
SVY-587,tiger,T AY1 G ER0,0
SVY-587,zebra,Z IY1 B R AH0,0
SVY-587,giraffe,JH ER0 AE1 F,0
SVY-587,penguin,P EH1 NG G W AH0 N,1
SVY-587,panda,P AE1 N D AH0,1
SVY-587,alligator,AE1 L AH0 G EY2 T ER0,1
SVY-587,dog,D AO1 G,1
SVY-587,cat,K AE1 T,0
SVY-587,lizard,L IH1 Z ER0 D,0
SVY-587,gecko,G EH1 K OW0,1
SVY-587,crab,K R AE1 B,1
SVY-587,octopus,AA1 K T AH0 P UH2 S,1
SVY-587,jellyfish,JH EH1 L IY0 F IH2 SH,1
SVY-587,turtle,T ER1 T AH0 L,1
SVY-587,bird,B ER1 D,1
SVY-587,chick,CH IH1 K,0
SVY-587,hen,HH EH1 N,0
SVY-587,rooster,R UW1 S T ER0,1
SVY-587,crow,K R OW1,1
SZA-781,cat,K AE1 T,0
SZA-781,dog,D AO1 G,1
SZA-781,pig,P IH1 G,1
SZA-781,cow,K AW1,1
SZA-781,chicken,CH IH1 K AH0 N,1
SZA-781,rooster,R UW1 S T ER0,1
SZA-781,frog,F R AA1 G,1
SZA-781,snake,S N EY1 K,0
SZA-781,lizard,L IH1 Z ER0 D,0
SZA-781,iguana,AY0 G W AA1 N AH0,0
SZA-781,badger,B AE1 JH ER0,1
SZA-781,bulldog,B UH1 L D AO2 G,1
SZA-781,puppy,P AH1 P IY0,0
SZA-781,kitten,K IH1 T AH0 N,0
SZA-781,goose,G UW1 S,0
SZA-781,duck,D AH1 K,0
SZA-781,wolf,W UH1 L F,0
