,id,entry,Speech2vec_Replacement,Replacements_Made,Previous_Replacement,Replacement_Comparison
0,CAJ-663,pizza,pie,pie,,0
1,CAJ-663,popcorn,corn,corn,pie,0
2,CAJ-663,hotdogs,sausage,sausage,corn,0
3,CAJ-663,cheese,,cheese,sausage,0
4,CAJ-663,coffee,,coffee,cheese,0
5,CAJ-663,tea,,tea,coffee,0
6,CAJ-663,soda,,soda,tea,0
7,CAJ-663,water,,water,soda,0
8,CAJ-663,asparagus,,asparagus,water,0
9,CAJ-663,broccoli,greens,greens,asparagus,0
10,CAJ-663,cauliflower,,cauliflower,greens,0
11,CAJ-663,carrots,,carrots,cauliflower,0
12,CAJ-663,salad,,salad,carrots,0
13,CAJ-663,meatloaf,meat,meat,salad,0
14,CAJ-663,chicken,,chicken,meat,0
15,CAJ-663,hamburgers,burger,burger,chicken,0
16,CAJ-663,grilledcheesesandwich,sandwich,sandwich,burger,0
17,CAJ-663,lemonade,,lemonade,sandwich,0
18,CAJ-663,bananas,,bananas,lemonade,0
19,CAJ-663,apples,,apples,bananas,0
20,CAJ-663,peaches,,peaches,apples,0
21,CAJ-663,corn,,corn,peaches,0
22,CAJ-663,rice,,rice,corn,0
23,CAJ-663,pork,,pork,rice,0
24,CAM-666,strawberries,,strawberries,pork,0
25,CAM-666,blueberries,berries,berries,strawberries,0
26,CAM-666,raspberries,,raspberries,berries,0
27,CAM-666,apricots,,apricots,raspberries,0
28,CAM-666,bread,,bread,apricots,0
29,CAM-666,jam,,jam,bread,0
30,CAM-666,butter,,butter,jam,0
31,CAM-666,peanutbutter,peanuts,peanuts,butter,0
32,CAM-666,toast,,toast,peanuts,0
33,CAM-666,popcorn,corn,corn,toast,0
34,CAM-666,pizza,pie,pie,corn,0
35,CAM-666,burger,,burger,pie,0
36,CAM-666,cheese,,cheese,burger,0
37,CAM-666,soda,,soda,cheese,0
38,CAM-666,water,,water,soda,0
39,CAM-666,milk,,milk,water,0
40,CAM-666,orangejuice,juice,juice,milk,0
41,CAM-666,lemonjuice,juice,juice,juice,1
42,CAM-666,grapejuice,juice,juice,juice,1
43,CAM-666,raspberryjuice,juice,juice,juice,1
44,CAM-666,strawberryjuice,juice,juice,juice,1
45,CAM-666,cucumbers,,cucumbers,juice,0
46,CAM-666,pickles,,pickles,cucumbers,0
47,CAM-666,cranberryjucie,juice,juice,pickles,0
48,CAM-666,icecream,cream,cream,juice,0
49,CAM-666,chocolate,,chocolate,cream,0
50,CAM-666,vanilla,,vanilla,chocolate,0
51,CAM-666,cinnamon,,cinnamon,vanilla,0
52,CAM-666,sugar,,sugar,cinnamon,0
53,CAM-666,oregano,spices,spices,sugar,0
54,CAM-666,rosemary,,rosemary,spices,0
55,CAP-671,grapes,,grapes,rosemary,0
56,CAP-671,water,,water,grapes,0
57,CAP-671,hamburger,burger,burger,water,0
58,CAP-671,chips,,chips,burger,0
59,CAP-671,cookies,,cookies,chips,0
60,CAP-671,carrot,,carrot,cookies,0
61,CAP-671,soda,,soda,carrot,0
62,CAP-671,apple,,apple,soda,0
63,CAP-671,watermelon,,watermelon,apple,0
64,CAP-671,pear,,pear,watermelon,0
65,CAP-671,orange,,orange,pear,0
66,CAP-671,grapefruit,fruit,fruit,orange,0
67,CAP-671,brocolli,greens,greens,fruit,0
68,CAP-671,pepper,,pepper,greens,0
69,CAP-671,tomato,,tomato,pepper,0
70,CAP-671,juice,,juice,tomato,0
71,CAP-671,icecream,cream,cream,juice,0
72,CAP-671,pizza,pie,pie,cream,0
73,CAP-671,corn,,corn,pie,0
74,CAP-671,potatoes,,potatoes,corn,0
75,CAS-674,pizza,pie,pie,potatoes,0
76,CAS-674,gatorade,electrolyte,electrolyte,pie,0
77,CAS-674,burgers,burger,burger,electrolyte,0
78,CAS-674,water,,water,burger,0
79,CAS-674,hotdogs,sausage,sausage,water,0
80,CAS-674,proteinbar,snack,snack,sausage,0
81,CAS-674,chocolatemilk,milk,milk,snack,0
82,CAS-674,whitemilk,milk,milk,milk,1
83,CAS-674,skimmilk,milk,milk,milk,1
84,CAS-674,fettuccini,starch,starch,milk,0
85,CAS-674,spaghetti,starch,starch,starch,1
86,CAS-674,steak,,steak,starch,0
87,CAS-674,chewybar,snack,snack,steak,0
88,CAS-674,apple,,apple,snack,0
89,CAS-674,orange,,orange,apple,0
90,CAS-674,pear,,pear,orange,0
91,CAS-674,strawberries,,strawberries,pear,0
92,CAS-674,grapes,,grapes,strawberries,0
93,CAS-674,salad,,salad,grapes,0
94,CAS-674,tomato,,tomato,salad,0
95,CAS-674,soda,,soda,tomato,0
96,CAS-674,cereal,cereals,cereals,soda,0
97,CAS-674,bagels,bread,bread,cereals,0
98,CAS-674,rolls,,rolls,bread,0
99,CAS-674,waffles,pancakes,pancakes,rolls,0
100,CAS-674,pancakes,,pancakes,pancakes,0
101,CAS-674,bacon,,bacon,pancakes,0
102,CAS-674,eggs,,eggs,bacon,0
103,CAS-674,sausage,,sausage,eggs,0
104,CAS-674,icecream,cream,cream,sausage,0
105,CAS-674,lobster,,lobster,cream,0
106,CAS-674,crab,,crab,lobster,0
107,CAV-678,apple,,apple,crab,0
108,CAV-678,orange,,orange,apple,0
109,CAV-678,water,,water,orange,0
110,CAV-678,beer,,beer,water,0
111,CAV-678,spaghetti,starch,starch,beer,0
112,CAV-678,lasagna,starch,starch,starch,1
113,CAV-678,chicken,,chicken,starch,0
114,CAV-678,watermelon,,watermelon,chicken,0
115,CAV-678,orange,,orange,watermelon,0
116,CAV-678,grapes,,grapes,orange,0
117,CAV-678,steak,,steak,grapes,0
118,CAV-678,porkchops,pork,pork,steak,0
119,CAV-678,ribs,,ribs,pork,0
120,CAV-678,broccoli,greens,greens,ribs,0
121,CAV-678,sauercraut,cabbage,cabbage,greens,0
122,CAV-678,hotdogs,sausage,sausage,cabbage,0
123,CAV-678,lunchmeats,meat,meat,sausage,0
124,CAV-678,roastbeef,beef,beef,meat,0
125,CAV-678,porktenderloin,pork,pork,beef,0
126,CAV-678,icecream,cream,cream,pork,0
127,CAV-678,mountaindew,soda,soda,cream,0
128,CAV-678,drpepper,soda,soda,soda,1
129,CAV-678,sprite,,sprite,soda,0
130,CAV-678,dietrite,soda,soda,sprite,0
131,CAV-678,rice,,rice,soda,0
132,CAV-678,noodles,,noodles,rice,0
133,CAY-681,apples,,apples,noodles,0
134,CAY-681,bananas,,bananas,apples,0
135,CAY-681,peaches,,peaches,bananas,0
136,CAY-681,oranges,,oranges,peaches,0
137,CAY-681,pizza,pie,pie,oranges,0
138,CAY-681,hotwings,chicken,chicken,pie,0
139,CAY-681,frenchfries,potatoes,potatoes,chicken,0
140,CAY-681,sourcream,cream,cream,potatoes,0
141,CAY-681,potatoskins,potato,potato,cream,0
142,CAY-681,pepsi,soda,soda,potato,0
143,CAY-681,drpepper,soda,soda,soda,1
144,CAY-681,mountaindew,soda,soda,soda,1
145,CAY-681,drpepper,soda,soda,soda,1
146,CAY-681,sprite,,sprite,soda,0
147,CAY-681,sierramist,soda,soda,sprite,0
148,CAY-681,milk,,milk,soda,0
149,CAY-681,water,,water,milk,0
150,CAY-681,juice,,juice,water,0
151,CAY-681,applejuice,juice,juice,juice,1
152,CAY-681,cranberryjuice,juice,juice,juice,1
153,CAY-681,grapejuice,juice,juice,juice,1
154,CAY-681,cranapplejuice,juice,juice,juice,1
155,CAY-681,v8juice,juice,juice,juice,1
156,CAY-681,bread,,bread,juice,0
157,CAY-681,sandwiches,,sandwiches,bread,0
158,CAY-681,bologna,,bologna,sandwiches,0
159,CAY-681,turkey,,turkey,bologna,0
160,CAY-681,chicken,,chicken,turkey,0
161,CAY-681,beef,,beef,chicken,0
162,CAY-681,empanadas,pastry,pastry,beef,0
163,CAY-681,empanidas,pastry,pastry,pastry,1
164,CAY-681,quesadillas,wrap,wrap,pastry,0
165,CAY-681,tacos,wrap,wrap,wrap,1
166,CAY-681,burritos,wrap,wrap,wrap,1
167,CAY-681,waffles,pancakes,pancakes,wrap,0
168,CAY-681,hashbrowns,potatoes,potatoes,pancakes,0
169,CAY-681,poptarts,tarts,tarts,potatoes,0
170,CAY-681,granolabars,snack,snack,tarts,0
171,CAY-681,cereal,cereals,cereals,snack,0
172,CAY-681,chocolatesyrup,chocolate,chocolate,cereals,0
173,CBD-686,pizza,pie,pie,chocolate,0
174,CBD-686,candy,,candy,pie,0
175,CBD-686,chocolate,,chocolate,candy,0
176,CBD-686,kiwis,fruit,fruit,chocolate,0
177,CBD-686,strawberries,,strawberries,fruit,0
178,CBD-686,marshmallows,dessert,dessert,strawberries,0
179,CBD-686,pop,,pop,dessert,0
180,CBD-686,pepsis,soda,soda,pop,0
181,CBD-686,cocacola,coke,coke,soda,0
182,CBD-686,m&ms,candy,candy,coke,0
183,CBD-686,hersheys,chocolate,chocolate,candy,0
184,CBD-686,chocolatecoveredmarshmallows,chocolate,chocolate,chocolate,1
185,CBD-686,chocolatecoveredstrawberries,strawberries,strawberries,chocolate,0
186,CBD-686,chocolatecoveredbrownies,chocolate,chocolate,strawberries,0
187,CBD-686,cake,,cake,chocolate,0
188,CBD-686,chocolatecake,cake,cake,cake,1
189,CBD-686,marblecake,cake,cake,cake,1
190,CBD-686,vanillacake,cake,cake,cake,1
191,CBD-686,nastycake,cake,cake,cake,1
192,CBD-686,cakethathassugaronit,cake,cake,cake,1
193,CBD-686,salsberrysteak,steak,steak,cake,0
194,CBF-691,chicken,,chicken,steak,0
195,CBF-691,milk,,milk,chicken,0
196,CBF-691,lemon,,lemon,milk,0
197,CBF-691,orange,,orange,lemon,0
198,CBF-691,cheese,,cheese,orange,0
199,CBF-691,orangejuice,juice,juice,cheese,0
200,CBF-691,grapejuice,juice,juice,juice,1
201,CBF-691,sprite,,sprite,juice,0
202,CBF-691,coke,,coke,sprite,0
203,CBF-691,pepsi,soda,soda,coke,0
204,CBF-691,mountaindew,soda,soda,soda,1
205,CBF-691,drpepper,soda,soda,soda,1
206,CBF-691,gingerale,soda,soda,soda,1
207,CBF-691,macaroni,,macaroni,soda,0
208,CBF-691,celery,,celery,macaroni,0
209,CBF-691,carrots,,carrots,celery,0
210,CBF-691,broccoli,greens,greens,carrots,0
211,CBF-691,tomatoes,,tomatoes,greens,0
212,CBF-691,bread,,bread,tomatoes,0
213,CBF-691,peppers,,peppers,bread,0
214,CBF-691,onions,,onions,peppers,0
215,CBF-691,bacon,,bacon,onions,0
216,CBF-691,eggs,,eggs,bacon,0
217,CBF-691,icing,,icing,eggs,0
218,CBF-691,cake,,cake,icing,0
219,CBF-691,pie,,pie,cake,0
220,CBF-691,cherries,,cherries,pie,0
221,CBF-691,grapes,,grapes,cherries,0
222,CBF-691,bananas,,bananas,grapes,0
223,CBF-691,brusselsprouts,vegetable,vegetable,bananas,0
224,CBH-693,water,,water,vegetable,0
225,CBH-693,apple,,apple,water,0
226,CBH-693,oranges,,oranges,apple,0
227,CBH-693,soda,,soda,oranges,0
228,CBH-693,grapes,,grapes,soda,0
229,CBH-693,granolabars,snack,snack,grapes,0
230,CBH-693,candy,,candy,snack,0
231,CBH-693,hotpockets,bread,bread,candy,0
232,CBH-693,steak,,steak,bread,0
233,CBH-693,chicken,,chicken,steak,0
234,CBH-693,tacos,wrap,wrap,chicken,0
235,CBH-693,fastfood,snack,snack,wrap,0
236,CBH-693,pomegranate,,pomegranate,snack,0
237,CBH-693,grapefruits,fruit,fruit,pomegranate,0
238,CBH-693,carrots,,carrots,fruit,0
239,CBH-693,broccoli,greens,greens,carrots,0
240,CBH-693,icecream,cream,cream,greens,0
241,CBH-693,turkey,,turkey,cream,0
242,CBH-693,ham,,ham,turkey,0
243,CBH-693,wraps,,wraps,ham,0
244,CBH-693,lettuce,,lettuce,wraps,0
245,CBH-693,tomatoes,,tomatoes,lettuce,0
246,CBH-693,spinach,,spinach,tomatoes,0
247,CBH-693,applejuice,juice,juice,spinach,0
248,CBH-693,orangejuice,juice,juice,juice,1
249,CBH-693,grapejuice,juice,juice,juice,1
250,CBH-693,jelly,,jelly,juice,0
251,CBH-693,peanutbutter,peanuts,peanuts,jelly,0
252,CBH-693,bread,,bread,peanuts,0
253,CBH-693,butter,,butter,bread,0
254,CBH-693,gatorade,electrolyte,electrolyte,butter,0
255,CBH-693,powerade,beverage,beverage,electrolyte,0
256,CBJ-697,hamburger,burger,burger,beverage,0
257,CBJ-697,apple,,apple,burger,0
258,CBJ-697,banana,,banana,apple,0
259,CBJ-697,orange,,orange,banana,0
260,CBJ-697,spaghetti,starch,starch,orange,0
261,CBJ-697,chicken,,chicken,starch,0
262,CBJ-697,milk,,milk,chicken,0
263,CBJ-697,soda,,soda,milk,0
264,CBJ-697,lemonade,,lemonade,soda,0
265,CBJ-697,icedtea,tea,tea,lemonade,0
266,CBJ-697,meat,,meat,tea,0
267,CBJ-697,eggs,,eggs,meat,0
268,CBJ-697,sausage,,sausage,eggs,0
269,CBJ-697,salad,,salad,sausage,0
270,CBJ-697,milk,,milk,salad,0
271,CBJ-697,orangejuice,juice,juice,milk,0
272,CBJ-697,bread,,bread,juice,0
273,CBJ-697,candy,,candy,bread,0
274,CBJ-697,ham,,ham,candy,0
275,CBJ-697,fish,,fish,ham,0
276,CBL-698,chips,,chips,fish,0
277,CBL-698,soda,,soda,chips,0
278,CBL-698,sprite,,sprite,soda,0
279,CBL-698,coke,,coke,sprite,0
280,CBL-698,mashedpotatoes,potatoes,potatoes,coke,0
281,CBL-698,turkey,,turkey,potatoes,0
282,CBL-698,gravy,,gravy,turkey,0
283,CBL-698,beans,,beans,gravy,0
284,CBL-698,bacon,,bacon,beans,0
285,CBL-698,water,,water,bacon,0
286,CBL-698,koolaid,beverage,beverage,water,0
287,CBL-698,sugar,,sugar,beverage,0
288,CBL-698,salt,,salt,sugar,0
289,CBL-698,pepper,,pepper,salt,0
290,CBL-698,chicken,,chicken,pepper,0
291,CBL-698,chickensandwich,sandwich,sandwich,chicken,0
292,CBL-698,pizza,pie,pie,sandwich,0
293,CBL-698,chickenpotpie,pie,pie,pie,1
294,CBL-698,cranberrysauce,sauce,sauce,pie,0
295,CBL-698,baklava,pastry,pastry,sauce,0
296,CBL-698,donuts,doughnuts,doughnuts,pastry,0
297,CBM-702,apples,,apples,doughnuts,0
298,CBM-702,pizza,pie,pie,apples,0
299,CBM-702,candy,,candy,pie,0
300,CBM-702,soda,,soda,candy,0
301,CBM-702,water,,water,soda,0
302,CBM-702,juice,,juice,water,0
303,CBM-702,cereal,cereals,cereals,juice,0
304,CBM-702,granolabars,snack,snack,cereals,0
305,CBM-702,sweets,,sweets,snack,0
306,CBM-702,chocolates,chocolate,chocolate,sweets,0
307,CBM-702,seasonings,seasoning,seasoning,chocolate,0
308,CBM-702,meats,,meats,seasoning,0
309,CBM-702,dairy,,dairy,meats,0
310,CBM-702,veggie,vegetable,vegetable,dairy,0
311,CBM-702,fruits,,fruits,vegetable,0
312,CBM-702,apples,,apples,fruits,0
313,CBM-702,bananas,,bananas,apples,0
314,CBM-702,greenpeppers,peppers,peppers,bananas,0
315,CBM-702,onions,,onions,peppers,0
316,CBM-702,allfoods,foods,foods,onions,0
317,CBM-702,oatmeal,,oatmeal,foods,0
318,CBM-702,greenbeans,greens,greens,oatmeal,0
319,CBM-702,corn,,corn,greens,0
320,CBM-702,veggies,vegetable,vegetable,corn,0
321,CBM-702,frenchtoast,toast,toast,vegetable,0
322,CBM-702,waffles,pancakes,pancakes,toast,0
323,CBM-702,celery,,celery,pancakes,0
324,CBM-702,onions,,onions,celery,0
325,CBM-702,milk,,milk,onions,0
326,CBM-702,cheese,,cheese,milk,0
327,CBP-707,hamburgers,burger,burger,cheese,0
328,CBP-707,pizza,pie,pie,burger,0
329,CBP-707,pickles,,pickles,pie,0
330,CBP-707,cheese,,cheese,pickles,0
331,CBP-707,fries,potatoes,potatoes,cheese,0
332,CBP-707,water,,water,potatoes,0
333,CBP-707,koolaid,beverage,beverage,water,0
334,CBP-707,tea,,tea,beverage,0
335,CBP-707,cake,,cake,tea,0
336,CBP-707,apples,,apples,cake,0
337,CBP-707,bananas,,bananas,apples,0
338,CBP-707,oranges,,oranges,bananas,0
339,CBP-707,eggplant,vegetable,vegetable,oranges,0
340,CBP-707,cheesestick,cheese,cheese,vegetable,0
341,CBP-707,burrito,wrap,wrap,cheese,0
342,CBP-707,quesadilla,wrap,wrap,wrap,1
343,CBP-707,beef,,beef,wrap,0
344,CBP-707,ham,,ham,beef,0
345,CBP-707,turkey,,turkey,ham,0
346,CBP-707,macaroniandcheese,macaroni,macaroni,turkey,0
347,CBP-707,mashedpotatoes,potatoes,potatoes,macaroni,0
348,CBP-707,bakedpotato,potato,potato,potatoes,0
349,CBP-707,peas,,peas,potato,0
350,CBP-707,carrots,,carrots,peas,0
351,CBP-707,corn,,corn,carrots,0
352,CBP-707,chicken,,chicken,corn,0
353,CBP-707,biscuits,,biscuits,chicken,0
354,CBP-707,orangejuice,juice,juice,biscuits,0
355,CBP-707,applejuice,juice,juice,juice,1
356,CBP-707,pepsi,soda,soda,juice,0
357,CBP-707,coke,,coke,soda,0
358,CBP-707,sprite,,sprite,coke,0
359,CBS-711,pizza,pie,pie,sprite,0
360,CBS-711,hamburgers,burger,burger,pie,0
361,CBS-711,water,,water,burger,0
362,CBS-711,pop,,pop,water,0
363,CBS-711,cheeseburger,burger,burger,pop,0
364,CBS-711,soup,,soup,burger,0
365,CBS-711,coke,,coke,soup,0
366,CBS-711,fanta,soda,soda,coke,0
367,CBS-711,chickennuggetsoup,soup,soup,soda,0
368,CBS-711,water,,water,soup,0
369,CBS-711,grapejuice,juice,juice,water,0
370,CBS-711,peanutbutterandjelly,sandwich,sandwich,juice,0
371,CBS-711,applejuice,juice,juice,sandwich,0
372,CBS-711,bagel,bread,bread,juice,0
373,CBS-711,toast,,toast,bread,0
374,CBS-711,waffles,pancakes,pancakes,toast,0
375,CBS-711,pancakes,,pancakes,pancakes,0
376,CBS-711,frenchtoast,toast,toast,pancakes,0
377,CBW-715,macandcheese,macaroni,macaroni,toast,0
378,CBW-715,toast,,toast,macaroni,0
379,CBW-715,butter,,butter,toast,0
380,CBW-715,pizza,pie,pie,butter,0
381,CBW-715,pepperoni,meat,meat,pie,0
382,CBW-715,cheese,,cheese,meat,0
383,CBW-715,broccoli,greens,greens,cheese,0
384,CBW-715,crackers,,crackers,greens,0
385,CBW-715,tuna,fish,fish,crackers,0
386,CBW-715,fish,,fish,fish,0
387,CBW-715,lobster,,lobster,fish,0
388,CBW-715,crab,,crab,lobster,0
389,CBW-715,bread,,bread,crab,0
390,CBW-715,shrimp,,shrimp,bread,0
391,CBW-715,cauliflour,cauliflower,cauliflower,shrimp,0
392,CBW-715,lettuce,,lettuce,cauliflower,0
393,CBW-715,carrots,,carrots,lettuce,0
394,CBW-715,greenbeans,greens,greens,carrots,0
395,CBW-715,beans,,beans,greens,0
396,CBW-715,blackbeans,beans,beans,beans,1
397,CBW-715,marshmallows,dessert,dessert,beans,0
398,CBW-715,candycanes,candy,candy,dessert,0
399,CCB-720,rootbeer,beer,beer,candy,0
400,CCB-720,pizza,pie,pie,beer,0
401,CCB-720,broccoli,greens,greens,pie,0
402,CCB-720,macaroniandcheese,macaroni,macaroni,greens,0
403,CCB-720,cocacola,coke,coke,macaroni,0
404,CCB-720,pepsi,soda,soda,coke,0
405,CCB-720,icecream,cream,cream,soda,0
406,CCB-720,popsicles,dessert,dessert,cream,0
407,CCB-720,strawberries,,strawberries,dessert,0
408,CCB-720,blueberries,berries,berries,strawberries,0
409,CCB-720,bananas,,bananas,berries,0
410,CCB-720,grapes,,grapes,bananas,0
411,CCB-720,kiwi,fruit,fruit,grapes,0
412,CCB-720,zucchinibread,bread,bread,fruit,0
413,CCB-720,bananabread,bread,bread,bread,1
414,CCB-720,smoothies,beverage,beverage,bread,0
415,CCD-722,burgers,burger,burger,beverage,0
416,CCD-722,fries,potatoes,potatoes,burger,0
417,CCD-722,ketchup,,ketchup,potatoes,0
418,CCD-722,mustard,,mustard,ketchup,0
419,CCD-722,lettuce,,lettuce,mustard,0
420,CCD-722,onions,,onions,lettuce,0
421,CCD-722,pickles,,pickles,onions,0
422,CCD-722,tomatoes,,tomatoes,pickles,0
423,CCD-722,mayo,mayonnaise,mayonnaise,tomatoes,0
424,CCD-722,buns,,buns,mayonnaise,0
425,CCD-722,beer,,beer,buns,0
426,CCD-722,wine,,wine,beer,0
427,CCD-722,bread,,bread,wine,0
428,CCD-722,cheese,,cheese,bread,0
429,CCD-722,ham,,ham,cheese,0
430,CCD-722,turkey,,turkey,ham,0
431,CCD-722,steak,,steak,turkey,0
432,CCD-722,lobster,,lobster,steak,0
433,CCD-722,crab,,crab,lobster,0
434,CCD-722,shrimp,,shrimp,crab,0
435,CCD-722,biscuits,,biscuits,shrimp,0
436,CCD-722,graxy,gravy,gravy,biscuits,0
437,CCD-722,mashedpotatoes,potatoes,potatoes,gravy,0
438,CCD-722,macandcheese,macaroni,macaroni,potatoes,0
439,CCD-722,pasta,starch,starch,macaroni,0
440,CCD-722,pesto,seasoning,seasoning,starch,0
441,CCD-722,greenpeppers,peppers,peppers,seasoning,0
442,CCD-722,cucumbers,,cucumbers,peppers,0
443,CCD-722,redpeppers,peppers,peppers,cucumbers,0
444,CCD-722,sausage,,sausage,peppers,0
445,CCD-722,beef,,beef,sausage,0
446,CCD-722,ham,,ham,beef,0
447,CCD-722,mushrooms,,mushrooms,ham,0
448,CCD-722,onions,,onions,mushrooms,0
449,CCD-722,pepperoni,meat,meat,onions,0
450,CCD-722,bananapeppers,peppers,peppers,meat,0
451,CCD-722,blackolives,olives,olives,peppers,0
452,CCD-722,pastasauce,sauce,sauce,olives,0
453,CCD-722,potatochips,chips,chips,sauce,0
454,CCD-722,ricecakes,rice,rice,chips,0
455,CCD-722,cereal,cereals,cereals,rice,0
456,CCD-722,cheerios,cereals,cereals,cereals,1
457,CCD-722,water,,water,cereals,0
458,CCD-722,sprite,,sprite,water,0
459,CCF-724,sweettea,tea,tea,sprite,0
460,CCF-724,macaroni,,macaroni,tea,0
461,CCF-724,pizza,pie,pie,macaroni,0
462,CCF-724,water,,water,pie,0
463,CCF-724,chicken,,chicken,water,0
464,CCF-724,sprite,,sprite,chicken,0
465,CCF-724,sweettea,tea,tea,sprite,0
466,CCF-724,ribs,,ribs,tea,0
467,CCF-724,lemonade,,lemonade,ribs,0
468,CCF-724,broccoli,greens,greens,lemonade,0
469,CCF-724,cheese,,cheese,greens,0
470,CCF-724,drpepper,soda,soda,cheese,0
471,CCF-724,sunkist,soda,soda,soda,1
472,CCF-724,rootbeer,beer,beer,soda,0
473,CCF-724,milk,,milk,beer,0
474,CCF-724,applejuice,juice,juice,milk,0
475,CCF-724,orangejuice,juice,juice,juice,1
476,CCH-726,coffee,,coffee,juice,0
477,CCH-726,milk,,milk,coffee,0
478,CCH-726,apple,,apple,milk,0
479,CCH-726,pie,,pie,apple,0
480,CCH-726,cake,,cake,pie,0
481,CCH-726,banana,,banana,cake,0
482,CCH-726,water,,water,banana,0
483,CCH-726,kiwi,fruit,fruit,water,0
484,CCH-726,chocolate,,chocolate,fruit,0
485,CCH-726,crackers,,crackers,chocolate,0
486,CCH-726,onions,,onions,crackers,0
487,CCH-726,garlic,,garlic,onions,0
488,CCH-726,pretzels,crackers,crackers,garlic,0
489,CCH-726,strawberries,,strawberries,crackers,0
490,CCH-726,fruitjuice,juice,juice,strawberries,0
491,CCH-726,cheese,,cheese,juice,0
492,CCH-726,pancakes,,pancakes,cheese,0
493,CCH-726,waffles,pancakes,pancakes,pancakes,1
494,CCH-726,bacon,,bacon,pancakes,0
495,CCH-726,eggs,,eggs,bacon,0
496,CCH-726,beef,,beef,eggs,0
497,CCH-726,pig,,pig,beef,0
498,CCH-726,spaghetti,starch,starch,pig,0
499,CCX-744,soda,,soda,starch,0
500,CCX-744,grapes,,grapes,soda,0
501,CCX-744,fish,,fish,grapes,0
502,CCX-744,chicken,,chicken,fish,0
503,CCX-744,broccoli,greens,greens,chicken,0
504,CCX-744,pears,,pears,greens,0
505,CCX-744,apples,,apples,pears,0
506,CCX-744,bananas,,bananas,apples,0
507,CCX-744,mangoes,fruit,fruit,bananas,0
508,CCX-744,mashedpotatoes,potatoes,potatoes,fruit,0
509,CCX-744,sweetpotatoes,potatoes,potatoes,potatoes,1
510,CCX-744,turkey,,turkey,potatoes,0
511,CCX-744,dressing,,dressing,turkey,0
512,CCX-744,ham,,ham,dressing,0
513,CCX-744,frenchfries,potatoes,potatoes,ham,0
514,CCX-744,pizza,pie,pie,potatoes,0
515,CCX-744,salad,,salad,pie,0
516,CCX-744,icecream,cream,cream,salad,0
517,CCX-744,yogurt,dairy,dairy,cream,0
518,CCX-744,candy,,candy,dairy,0
519,CCX-744,lemons,,lemons,candy,0
520,CCX-744,oranges,,oranges,lemons,0
521,CDG-753,peanuts,,peanuts,oranges,0
522,CDG-753,cashews,nuts,nuts,peanuts,0
523,CDG-753,bread,,bread,nuts,0
524,CDG-753,bark,,bark,bread,0
525,CDG-753,soda,,soda,bark,0
526,CDG-753,rootbeer,beer,beer,soda,0
527,CDG-753,drpepper,soda,soda,beer,0
528,CDG-753,water,,water,soda,0
529,CDG-753,jello,jelly,jelly,water,0
530,CDG-753,brownies,,brownies,jelly,0
531,CDG-753,cookies,,cookies,brownies,0
532,CDG-753,chocolate,,chocolate,cookies,0
533,CDG-753,milk,,milk,chocolate,0
534,CDG-753,orangejuice,juice,juice,milk,0
535,CDG-753,limejuice,juice,juice,juice,1
536,CDG-753,lemonade,,lemonade,juice,0
537,CDG-753,noodles,,noodles,lemonade,0
538,CDG-753,macandcheese,macaroni,macaroni,noodles,0
539,CDG-753,pasta,starch,starch,macaroni,0
540,CDG-753,spaghetti,starch,starch,starch,1
541,CDG-753,tomatoes,,tomatoes,starch,0
542,CDG-753,peppers,,peppers,tomatoes,0
543,CDG-753,celery,,celery,peppers,0
544,CDG-753,peanutbutter,peanuts,peanuts,celery,0
545,CDG-753,jelly,,jelly,peanuts,0
546,CDG-753,plums,,plums,jelly,0
547,CDG-753,mangoes,fruit,fruit,plums,0
548,CDG-753,guava,fruit,fruit,fruit,1
549,CDG-753,plums,,plums,fruit,0
550,CDG-753,grapefruit,fruit,fruit,plums,0
551,CDG-753,starfruit,fruit,fruit,fruit,1
552,CDG-753,limes,,limes,fruit,0
553,CDG-753,lemons,,lemons,limes,0
554,CDH-754,cocacola,coke,coke,lemons,0
555,CDH-754,cherrycocacola,coke,coke,coke,1
556,CDH-754,fantaorange,soda,soda,coke,0
557,CDH-754,fantastrawberry,soda,soda,soda,1
558,CDH-754,fantapineapple,soda,soda,soda,1
559,CDH-754,fantagrape,soda,soda,soda,1
560,CDH-754,friedrice,rice,rice,soda,0
561,CDH-754,sreamedrice,rice,rice,rice,1
562,CDH-754,chicken,,chicken,rice,0
563,CDH-754,turkey,,turkey,chicken,0
564,CDH-754,danimalscrunchers,dairy,dairy,turkey,0
565,CDH-754,yogurt,dairy,dairy,dairy,1
566,CDH-754,danimalssmoothies,dairy,dairy,dairy,1
567,CDH-754,sprite,,sprite,dairy,0
568,CDH-754,spritezero,soda,soda,sprite,0
569,CDM-759,soda,,soda,soda,0
570,CDM-759,macaroniandcheese,macaroni,macaroni,soda,0
571,CDM-759,spaghetti,starch,starch,macaroni,0
572,CDM-759,icecream,cream,cream,starch,0
573,CDM-759,cake,,cake,cream,0
574,CDM-759,pizza,pie,pie,cake,0
575,CDM-759,maggianosalads,salad,salad,pie,0
576,CDM-759,rolls,,rolls,salad,0
577,CDM-759,hotdogs,sausage,sausage,rolls,0
578,CDM-759,cranberries,,cranberries,sausage,0
579,CDM-759,raspberries,,raspberries,cranberries,0
580,CDM-759,watermelon,,watermelon,raspberries,0
581,CDM-759,strawberries,,strawberries,watermelon,0
582,CDM-759,cantaloupe,melon,melon,strawberries,0
583,CDM-759,peaches,,peaches,melon,0
584,CDM-759,water,,water,peaches,0
585,CDM-759,juice,,juice,water,0
586,CDM-759,applecider,cider,cider,juice,0
587,CDM-759,wine,,wine,cider,0
588,CDM-759,coconutcreampie,pie,pie,wine,0
589,CDM-759,chocolatepie,chocolate,chocolate,pie,0
590,CDM-759,applepie,pie,pie,chocolate,0
591,CDM-759,coconutpie,pie,pie,pie,1
592,CDM-759,pumpkinpie,pie,pie,pie,1
593,CDM-759,chocolateicecream,cream,cream,pie,0
594,CDM-759,vanillaicecream,cream,cream,cream,1
595,CDM-759,redvelvetcake,cake,cake,cream,0
596,CDM-759,chocolateballs,chocolate,chocolate,cake,0
597,CDM-759,ravioli,starch,starch,chocolate,0
598,CDM-759,breadsticks,bread,bread,starch,0
599,CDM-759,cheesesause,cheese,cheese,bread,0
600,CDM-759,salsa,sauce,sauce,cheese,0
601,CDM-759,chips,,chips,sauce,0
602,CDM-759,doritos,chips,chips,chips,1
603,CDM-759,coolranchdoritos,chips,chips,chips,1
604,CDR-764,chicken,,chicken,chips,0
605,CDR-764,chicken,,chicken,chicken,0
606,CDR-764,ketchup,,ketchup,chicken,0
607,CDR-764,popcorn,corn,corn,ketchup,0
608,CDR-764,pizza,pie,pie,corn,0
609,CDR-764,orangejuice,juice,juice,pie,0
610,CDR-764,applejuice,juice,juice,juice,1
611,CDR-764,grapejuice,juice,juice,juice,1
612,CDR-764,steak,,steak,juice,0
613,CDR-764,shrimp,,shrimp,steak,0
614,CDR-764,ribs,,ribs,shrimp,0
615,CDR-764,cookies,,cookies,ribs,0
616,CDR-764,icecream,cream,cream,cookies,0
617,CDR-764,cake,,cake,cream,0
618,CDR-764,smoothie,beverage,beverage,cake,0
619,CDR-764,milkshake,milk,milk,beverage,0
620,CDR-764,slushie,beverage,beverage,milk,0
621,CDR-764,icecream,cream,cream,beverage,0
622,CDR-764,water,,water,cream,0
623,CDR-764,koolaid,beverage,beverage,water,0
624,CDR-764,cherry,,cherry,beverage,0
625,CDR-764,apple,,apple,cherry,0
626,CDR-764,strawberry,,strawberry,apple,0
627,CDR-764,banana,,banana,strawberry,0
628,CDR-764,tangerine,tangerine,tangerine,banana,0
629,CDR-764,mango,fruit,fruit,tangerine,0
630,CDR-764,blueberries,berries,berries,fruit,0
631,CDR-764,milk,,milk,berries,0
632,CDR-764,applesauce,sauce,sauce,milk,0
633,CDR-764,pop,,pop,sauce,0
634,CDR-764,cocacola,coke,coke,pop,0
635,CDR-764,fanta,soda,soda,coke,0
636,CDU-767,sprite,,sprite,soda,0
637,CDU-767,pepsi,soda,soda,sprite,0
638,CDU-767,lemonade,,lemonade,soda,0
639,CDU-767,coke,,coke,lemonade,0
640,CDU-767,orangejuice,juice,juice,coke,0
641,CDU-767,applejuice,juice,juice,juice,1
642,CDU-767,cranberryjuice,juice,juice,juice,1
643,CDU-767,spaghetti,starch,starch,juice,0
644,CDU-767,chicken,,chicken,starch,0
645,CDU-767,macaroni,,macaroni,chicken,0
646,CDU-767,greens,,greens,macaroni,0
647,CDU-767,fish,,fish,greens,0
648,CDU-767,pop,,pop,fish,0
649,CDU-767,water,,water,pop,0
650,CDU-767,gatorade,electrolyte,electrolyte,water,0
651,CDU-767,powerade,beverage,beverage,electrolyte,0
652,CDU-767,jambalaya,meat,meat,beverage,0
653,CDU-767,meats,,meats,meat,0
654,CDU-767,sausages,,sausages,meats,0
655,CDU-767,bacon,,bacon,sausages,0
656,CDU-767,eggs,,eggs,bacon,0
657,CDU-767,biscuits,,biscuits,eggs,0
658,CDU-767,bagels,bread,bread,biscuits,0
659,CDU-767,bananas,,bananas,bread,0
660,CDU-767,cereal,cereals,cereals,bananas,0
661,CDU-767,ricekrispietreats,snack,snack,cereals,0
662,CDU-767,fruitsnacks,snack,snack,snack,1
663,CDU-767,cheesenips,cheese,cheese,snack,0
664,SGO-159,macaroniandcheese,macaroni,macaroni,cheese,0
665,SGO-159,popcorn,corn,corn,macaroni,0
666,SGO-159,pizza,pie,pie,corn,0
667,SGO-159,pasta,starch,starch,pie,0
668,SGO-159,grape,,grape,starch,0
669,SGO-159,cheese,,cheese,grape,0
670,SGO-159,meat,,meat,cheese,0
671,SGO-159,pepsi,soda,soda,meat,0
672,SGO-159,coke,,coke,soda,0
673,SGO-159,mountaindew,soda,soda,coke,0
674,SGO-159,dietcoke,coke,coke,soda,0
675,SGO-159,drpepper,soda,soda,coke,0
676,SGO-159,rootbeer,beer,beer,soda,0
677,SGO-159,orange,,orange,beer,0
678,SGO-159,sierramist,soda,soda,orange,0
679,SGO-159,sprite,,sprite,soda,0
680,SGO-159,grape,,grape,sprite,0
681,SGO-159,cherry,,cherry,grape,0
682,SGO-159,vanillacoke,coke,coke,cherry,0
683,SGO-159,icecream,cream,cream,coke,0
684,SGO-159,corndog,sausage,sausage,cream,0
685,SGO-159,pizzarolls,rolls,rolls,sausage,0
686,SGO-159,chips,,chips,rolls,0
687,SGO-159,cookies,,cookies,chips,0
688,SGO-159,grahamcrackers,crackers,crackers,cookies,0
689,SGO-159,seacrackers,crackers,crackers,crackers,1
690,SGO-159,granolabars,snack,snack,crackers,0
691,SGO-159,corn,,corn,snack,0
692,SGO-159,broccoli,greens,greens,corn,0
693,SGO-159,langus,bread,bread,greens,0
694,SGO-159,apple,,apple,bread,0
695,SGO-159,pineapple,,pineapple,apple,0
696,SGO-159,strawberries,,strawberries,pineapple,0
697,SGO-159,ham,,ham,strawberries,0
698,SGO-159,chicken,,chicken,ham,0
699,SGO-159,pork,,pork,chicken,0
700,SKE-234,pizza,pie,pie,pork,0
701,SKE-234,water,,water,pie,0
702,SKE-234,soda,,soda,water,0
703,SKE-234,cereal,cereals,cereals,soda,0
704,SKE-234,milk,,milk,cereals,0
705,SKE-234,orangejuice,juice,juice,milk,0
706,SKE-234,applejuice,juice,juice,juice,1
707,SKE-234,apples,,apples,juice,0
708,SKE-234,fruit,,fruit,apples,0
709,SKE-234,grapes,,grapes,fruit,0
710,SKE-234,pasta,starch,starch,grapes,0
711,SKE-234,ravioli,starch,starch,starch,1
712,SKE-234,coffee,,coffee,starch,0
713,SKE-234,gingerale,soda,soda,coffee,0
714,SKE-234,spaghetti,starch,starch,soda,0
715,SKE-234,breadsticks,bread,bread,starch,0
716,SKE-234,buffalowings,chicken,chicken,bread,0
717,SMK-401,hamburger,burger,burger,chicken,0
718,SMK-401,hotdog,sausage,sausage,burger,0
719,SMK-401,chips,,chips,sausage,0
720,SMK-401,skittles,candy,candy,chips,0
721,SMK-401,hershey,chocolate,chocolate,candy,0
722,SMK-401,hotdogs,sausage,sausage,chocolate,0
723,SMK-401,sausage,,sausage,sausage,0
724,SMK-401,milk,,milk,sausage,0
725,SMK-401,coke,,coke,milk,0
726,SMK-401,dietcoke,coke,coke,coke,1
727,SMK-401,sprite,,sprite,coke,0
728,SMK-401,sunkist,soda,soda,sprite,0
729,SMK-401,frenchfries,potatoes,potatoes,soda,0
730,SMK-401,tatertots,potatoes,potatoes,potatoes,1
731,SMK-401,mashedpotatoes,potatoes,potatoes,potatoes,1
732,SMK-401,corn,,corn,potatoes,0
733,SMK-401,peas,,peas,corn,0
734,SMK-401,grapes,,grapes,peas,0
735,SMK-401,apple,,apple,grapes,0
736,SMK-401,bananas,,bananas,apple,0
737,SMK-401,guacamole,dip,dip,bananas,0
738,SMK-401,cheese,,cheese,dip,0
739,SMK-401,pepperjackcheese,cheese,cheese,cheese,1
740,SMK-401,bread,,bread,cheese,0
741,SMK-401,pringles,chips,chips,bread,0
742,SMK-401,quakerbars,snack,snack,chips,0
743,SMK-401,granolabars,snack,snack,snack,1
744,SMK-401,popsicles,dessert,dessert,snack,0
745,SMK-401,frozenpizzas,pie,pie,dessert,0
746,SMK-401,pepperonipizza,pie,pie,pie,1
747,SMK-401,cheesepizza,pie,pie,pie,1
748,SMK-401,sausagepizza,sausage,sausage,pie,0
749,SMK-401,breadsticks,bread,bread,sausage,0
750,SMK-401,spaghetti,starch,starch,bread,0
751,SMK-401,lasagna,starch,starch,starch,1
752,SNI-300,soda,,soda,starch,0
753,SNI-300,water,,water,soda,0
754,SNI-300,chicken,,chicken,water,0
755,SNI-300,burger,,burger,chicken,0
756,SNI-300,rice,,rice,burger,0
757,SNI-300,spaghetti,starch,starch,rice,0
758,SNI-300,macaroniandcheese,macaroni,macaroni,starch,0
759,SNI-300,steak,,steak,macaroni,0
760,SNI-300,barbecue,grill,grill,steak,0
761,SNI-300,chinese,,chinese,grill,0
762,SNI-300,rice,,rice,chinese,0
763,SNI-300,pizza,pie,pie,rice,0
764,SNI-300,juice,,juice,pie,0
765,SNI-300,orange,,orange,juice,0
766,SNI-300,lemon,,lemon,orange,0
767,SNI-300,apple,,apple,lemon,0
768,SNI-300,pear,,pear,apple,0
769,SNI-300,lemon,,lemon,pear,0
770,SNR-308,pizza,pie,pie,lemon,0
771,SNR-308,pizza,pie,pie,pie,1
772,SNR-308,chips,,chips,pie,0
773,SNR-308,candies,,candies,chips,0
774,SNR-308,pop,,pop,candies,0
775,SNR-308,dietcoke,coke,coke,pop,0
776,SNR-308,lemonade,,lemonade,coke,0
777,SNR-308,pies,,pies,lemonade,0
778,SNR-308,cereal,cereals,cereals,pies,0
779,SNR-308,cakes,,cakes,cereals,0
780,SNR-308,brownies,,brownies,cakes,0
781,SNR-308,sandwich,,sandwich,brownies,0
782,SNR-308,peanutbutter,peanuts,peanuts,sandwich,0
783,SNR-308,tunafish,fish,fish,peanuts,0
784,SNR-308,fish,,fish,fish,0
785,SNR-308,chicken,,chicken,fish,0
786,SNT-310,soda,,soda,chicken,0
787,SNT-310,corn,,corn,soda,0
788,SNT-310,potatoes,,potatoes,corn,0
789,SNT-310,tomato,,tomato,potatoes,0
790,SNT-310,steak,,steak,tomato,0
791,SNT-310,apple,,apple,steak,0
792,SNT-310,oranges,,oranges,apple,0
793,SNT-310,banana,,banana,oranges,0
794,SNT-310,kiwi,fruit,fruit,banana,0
795,SNT-310,plums,,plums,fruit,0
796,SNT-310,water,,water,plums,0
797,SNT-310,bread,,bread,water,0
798,SNT-310,turkey,,turkey,bread,0
799,SNT-310,mayo,mayonnaise,mayonnaise,turkey,0
800,SNT-310,mustard,,mustard,mayonnaise,0
801,SNT-310,lettuce,,lettuce,mustard,0
802,SNT-310,carrots,,carrots,lettuce,0
803,SNT-310,radishes,,radishes,carrots,0
804,SNT-310,beets,,beets,radishes,0
805,SNT-310,cauliflower,,cauliflower,beets,0
806,SNT-310,broccoli,greens,greens,cauliflower,0
807,SNT-310,sweetpotatoes,potatoes,potatoes,greens,0
808,SNT-310,beans,,beans,potatoes,0
809,SNV-312,hotdog,sausage,sausage,beans,0
810,SNV-312,hamburger,burger,burger,sausage,0
811,SNV-312,burrito,wrap,wrap,burger,0
812,SNV-312,chicken,,chicken,wrap,0
813,SNV-312,rice,,rice,chicken,0
814,SNV-312,corn,,corn,rice,0
815,SNV-312,celery,,celery,corn,0
816,SNV-312,peanutbutter,peanuts,peanuts,celery,0
817,SNV-312,water,,water,peanuts,0
818,SNV-312,2%milk,milk,milk,water,0
819,SNV-312,orangejuice,juice,juice,milk,0
820,SNV-312,applejuice,juice,juice,juice,1
821,SNV-312,chocolatemilk,milk,milk,juice,0
822,SNV-312,waffles,pancakes,pancakes,milk,0
823,SNV-312,blueberrymuffins,muffins,muffins,pancakes,0
824,SNV-312,granolabars,snack,snack,muffins,0
825,SNV-312,gatorade,electrolyte,electrolyte,snack,0
826,SNV-312,powerade,beverage,beverage,electrolyte,0
827,SNV-312,turkey,,turkey,beverage,0
828,SNV-312,ham,,ham,turkey,0
829,SNV-312,mashedpotatoes,potatoes,potatoes,ham,0
830,SNV-312,chickennoodles,noodles,noodles,potatoes,0
831,SNV-312,cornbread,bread,bread,noodles,0
832,SNV-312,wings,,wings,bread,0
833,SNV-312,spaghetti,starch,starch,wings,0
834,SNV-312,lasagna,starch,starch,starch,1
835,SNV-312,breadsticks,bread,bread,starch,0
836,SNV-312,chickenpasta,chicken,chicken,bread,0
837,SNV-312,apples,,apples,chicken,0
838,SNV-312,oranges,,oranges,apples,0
839,SNV-312,strawberry,,strawberry,oranges,0
840,SNV-312,raspberries,,raspberries,strawberry,0
841,SNV-312,blueberries,berries,berries,raspberries,0
842,SNY-315,chicken,,chicken,berries,0
843,SNY-315,water,,water,chicken,0
844,SNY-315,pop,,pop,water,0
845,SNY-315,steak,,steak,pop,0
846,SNY-315,macaroniandcheese,macaroni,macaroni,steak,0
847,SNY-315,bread,,bread,macaroni,0
848,SNY-315,milk,,milk,bread,0
849,SNY-315,orangejuice,juice,juice,milk,0
850,SNY-315,applejuice,juice,juice,juice,1
851,SNY-315,grapejuice,juice,juice,juice,1
852,SNY-315,cranberryjuice,juice,juice,juice,1
853,SNY-315,tomatojuice,tomato,tomato,juice,0
854,SNY-315,bananas,,bananas,tomato,0
855,SNY-315,apples,,apples,bananas,0
856,SNY-315,oranges,,oranges,apples,0
857,SNY-315,grapes,,grapes,oranges,0
858,SNY-315,lettuce,,lettuce,grapes,0
859,SNY-315,crackers,,crackers,lettuce,0
860,SNY-315,cereal,cereals,cereals,crackers,0
861,SNY-315,cheezits,crackers,crackers,cereals,0
862,SNY-315,hotchocolate,chocolate,chocolate,crackers,0
863,SNY-315,tea,,tea,chocolate,0
864,SNY-315,tomatosoup,soup,soup,tea,0
865,SNY-315,chickennoodlesoup,soup,soup,soup,1
866,SOA-317,pop,,pop,soup,0
867,SOA-317,food,,food,pop,0
868,SOA-317,rootbeer,beer,beer,food,0
869,SOA-317,water,,water,beer,0
870,SOA-317,chew,,chew,water,0
871,SOA-317,orange,,orange,chew,0
872,SOA-317,applejuice,juice,juice,orange,0
873,SOQ-329,banana,,banana,juice,0
874,SOQ-329,apple,,apple,banana,0
875,SOQ-329,water,,water,apple,0
876,SOQ-329,soda,,soda,water,0
877,SOQ-329,orange,,orange,soda,0
878,SOQ-329,strawberry,,strawberry,orange,0
879,SOQ-329,kiwi,fruit,fruit,strawberry,0
880,SOQ-329,pizza,pie,pie,fruit,0
881,SOQ-329,icecream,cream,cream,pie,0
882,SOQ-329,chocolate,,chocolate,cream,0
883,SOQ-329,beer,,beer,chocolate,0
884,SOQ-329,chips,,chips,beer,0
885,SOQ-329,chicken,,chicken,chips,0
886,SOQ-329,beef,,beef,chicken,0
887,SOQ-329,bacon,,bacon,beef,0
888,SOQ-329,meatloaf,meat,meat,bacon,0
889,SOQ-329,hamburger,burger,burger,meat,0
890,SOQ-329,steak,,steak,burger,0
891,SOQ-329,greenbeans,greens,greens,steak,0
892,SOQ-329,peas,,peas,greens,0
893,SOQ-329,carrots,,carrots,peas,0
894,SOQ-329,spinach,,spinach,carrots,0
895,SOQ-329,broccoli,greens,greens,spinach,0
896,SOQ-329,corn,,corn,greens,0
897,SOQ-329,blueberries,berries,berries,corn,0
898,SOQ-329,cherries,,cherries,berries,0
899,SPL-436,gatorade,electrolyte,electrolyte,cherries,0
900,SPL-436,lemonade,,lemonade,electrolyte,0
901,SPL-436,propel,electrolyte,electrolyte,lemonade,0
902,SPL-436,chips,,chips,electrolyte,0
903,SPL-436,gingerbread,,gingerbread,chips,0
904,SPL-436,cake,,cake,gingerbread,0
905,SPL-436,icecream,cream,cream,cake,0
906,SPL-436,cookies,,cookies,cream,0
907,SPL-436,turkey,,turkey,cookies,0
908,SPL-436,ham,,ham,turkey,0
909,SPL-436,cottagecheese,cheese,cheese,ham,0
910,SPL-436,frenchtoast,toast,toast,cheese,0
911,SPL-436,eggs,,eggs,toast,0
912,SPL-436,peanuts,,peanuts,eggs,0
913,SPV-450,tacos,wrap,wrap,peanuts,0
914,SPV-450,pizza,pie,pie,wrap,0
915,SPV-450,water,,water,pie,0
916,SPV-450,watermelon,,watermelon,water,0
917,SPV-450,hotdogs,sausage,sausage,watermelon,0
918,SPV-450,hamburgers,burger,burger,sausage,0
919,SPV-450,frenchfries,potatoes,potatoes,burger,0
920,SPV-450,candy,,candy,potatoes,0
921,SPV-450,spaghetti,starch,starch,candy,0
922,SPV-450,lasagna,starch,starch,starch,1
923,SPV-450,icecream,cream,cream,starch,0
924,SPV-450,sodapop,soda,soda,cream,0
925,SPV-450,liquor,,liquor,soda,0
926,SPV-450,mustard,,mustard,liquor,0
927,SPV-450,tomatoes,,tomatoes,mustard,0
928,SPV-450,onions,,onions,tomatoes,0
929,SPV-450,greenpeppers,peppers,peppers,onions,0
930,SPV-450,corn,,corn,peppers,0
931,SPV-450,strawberries,,strawberries,corn,0
932,SPV-450,lettuce,,lettuce,strawberries,0
933,SPV-450,cheese,,cheese,lettuce,0
934,SPV-450,garlicbread,bread,bread,cheese,0
935,SRF-483,ribs,,ribs,bread,0
936,SRF-483,wings,,wings,ribs,0
937,SRF-483,soda,,soda,wings,0
938,SRF-483,water,,water,soda,0
939,SRF-483,chickentenders,chicken,chicken,water,0
940,SRF-483,chickenwings,chicken,chicken,chicken,1
941,SRF-483,chickenlegs,chicken,chicken,chicken,1
942,SRF-483,pickles,,pickles,chicken,0
943,SRF-483,peppers,,peppers,pickles,0
944,SRF-483,macandcheese,macaroni,macaroni,peppers,0
945,SRF-483,cheese,,cheese,macaroni,0
946,SRF-483,noodles,,noodles,cheese,0
947,SRF-483,parmesancheese,cheese,cheese,noodles,0
948,SRF-483,hamburgers,burger,burger,cheese,0
949,SRR-498,spaghetti,starch,starch,burger,0
950,SRR-498,tacos,wrap,wrap,starch,0
951,SRR-498,milk,,milk,wrap,0
952,SRR-498,soda,,soda,milk,0
953,SRR-498,chocolatemilk,milk,milk,soda,0
954,SRR-498,strawberrymilk,milk,milk,milk,1
955,SRR-498,eggs,,eggs,milk,0
956,SRR-498,bacon,,bacon,eggs,0
957,SRR-498,toast,,toast,bacon,0
958,SRR-498,peanutbutterandjelly,sandwich,sandwich,toast,0
959,SRR-498,pudding,,pudding,sandwich,0
960,SRR-498,cake,,cake,pudding,0
961,SRR-498,omelets,omelet,omelet,cake,0
962,SRR-498,chocolatefudge,fudge,fudge,omelet,0
963,SRR-498,water,,water,fudge,0
964,SRR-498,romannoodles,noodles,noodles,water,0
965,SRR-498,hamburgers,burger,burger,noodles,0
966,SRR-498,cheeseburgers,burger,burger,burger,1
967,SRR-498,fries,potatoes,potatoes,burger,0
968,SRR-498,ravioli,starch,starch,potatoes,0
969,SRR-498,pizza,pie,pie,starch,0
970,SRR-498,mcdonalds,potatoes,potatoes,pie,0
971,SSG-520,water,,water,potatoes,0
972,SSG-520,milk,,milk,water,0
973,SSG-520,chickennuggets,chicken,chicken,milk,0
974,SSG-520,fish,,fish,chicken,0
975,SSG-520,calamari,cuttlefish,cuttlefish,fish,0
976,SSG-520,shrimp,,shrimp,cuttlefish,0
977,SSG-520,beefandnoodles,beef,beef,shrimp,0
978,SSG-520,spaghetti,starch,starch,beef,0
979,SSG-520,orangejuice,juice,juice,starch,0
980,SSG-520,lemonade,,lemonade,juice,0
981,SSG-520,koolaid,beverage,beverage,lemonade,0
982,SSG-520,candy,,candy,beverage,0
983,SSG-520,juice,,juice,candy,0
984,SUG-544,pizza,pie,pie,juice,0
985,SUG-544,potato,,potato,pie,0
986,SUG-544,corn,,corn,potato,0
987,SUG-544,beans,,beans,corn,0
988,SUG-544,soup,,soup,beans,0
989,SUG-544,pepsi,soda,soda,soup,0
990,SUG-544,cherrypepsi,soda,soda,soda,1
991,SUG-544,icee,ice,ice,soda,0
992,SUG-544,tea,,tea,ice,0
993,SUG-544,drpepper,soda,soda,tea,0
994,SUG-544,lemonade,,lemonade,soda,0
995,SUG-544,watermelon,,watermelon,lemonade,0
996,SUG-544,pumpkin,,pumpkin,watermelon,0
997,SUG-544,pumpkinpie,pie,pie,pumpkin,0
998,SUG-544,cherry,,cherry,pie,0
999,SUG-544,apple,,apple,cherry,0
1000,SUG-544,orange,,orange,apple,0
1001,SVH-570,cake,,cake,orange,0
1002,SVH-570,icedcream,cream,cream,cake,0
1003,SVH-570,popsicles,dessert,dessert,cream,0
1004,SVH-570,fruit,,fruit,dessert,0
1005,SVH-570,meatloaf,meat,meat,fruit,0
1006,SVH-570,barbecueribs,meat,meat,meat,1
1007,SVH-570,milk,,milk,meat,0
1008,SVH-570,water,,water,milk,0
1009,SVH-570,orangejuice,juice,juice,water,0
1010,SVH-570,applejuice,juice,juice,juice,1
1011,SVH-570,steak,,steak,juice,0
1012,SVH-570,broccoli,greens,greens,steak,0
1013,SVH-570,lettuce,,lettuce,greens,0
1014,SVH-570,salad,,salad,lettuce,0
1015,SVH-570,dietcoke,coke,coke,salad,0
1016,SVH-570,sprite,,sprite,coke,0
1017,SVY-587,peaches,,peaches,sprite,0
1018,SVY-587,apples,,apples,peaches,0
1019,SVY-587,soda,,soda,apples,0
1020,SVY-587,chicken,,chicken,soda,0
1021,SVY-587,squid,cuttlefish,cuttlefish,chicken,0
1022,SVY-587,carrots,,carrots,cuttlefish,0
1023,SVY-587,cabbage,,cabbage,carrots,0
1024,SVY-587,lettuce,,lettuce,cabbage,0
1025,SVY-587,breadsticks,bread,bread,lettuce,0
1026,SVY-587,marinarasauce,sauce,sauce,bread,0
1027,SVY-587,pizza,pie,pie,sauce,0
1028,SVY-587,chickennuggets,chicken,chicken,pie,0
1029,SVY-587,frenchfries,potatoes,potatoes,chicken,0
1030,SVY-587,hotdogs,sausage,sausage,potatoes,0
1031,SVY-587,hamburgers,burger,burger,sausage,0
1032,SVY-587,cheese,,cheese,burger,0
1033,SVY-587,yogurt,dairy,dairy,cheese,0
1034,SVY-587,peanutbutter,peanuts,peanuts,dairy,0
1035,SVY-587,soup,,soup,peanuts,0
1036,SZA-781,spaghetti,starch,starch,soup,0
1037,SZA-781,applejuice,juice,juice,starch,0
1038,SZA-781,v8,beverage,beverage,juice,0
1039,SZA-781,tomatoes,,tomatoes,beverage,0
1040,SZA-781,vegetables,,vegetables,tomatoes,0
1041,SZA-781,applecider,cider,cider,vegetables,0
1042,SZA-781,cranberryjuice,juice,juice,cider,0
1043,SZA-781,asparagus,,asparagus,juice,0
1044,SZA-781,salmon,,salmon,asparagus,0
1045,SZA-781,tunafish,fish,fish,salmon,0