Word,Found,Original Found,Close Matches
acornsquash,True,False,"squash, cornua, acorns"
adobo,True,False,"adobe, doo, ado"
alcohol,True,True,"alcohol, cool, malcolm"
alfalfa,True,False,"valhalla, allay, allan"
alfredo,True,False,"alfred, alfredston, alfred's"
alligator,True,True,"alligator, alligators, navigator"
almond,True,True,"almond, almonds, salmon"
almondbutter,True,False,"nutter, mutter, butter"
almondmilk,True,False,"almond, almonds, klondike"
almonds,True,True,"almonds, almond, salmons"
americancheese,True,False,"americans, american's, americas"
anchovies,True,True,"anchovies, anchises, anchorite"
anchovy,True,True,"anchovy, sancho, anchor"
angelfoodcake,True,False,angelica
animalfood,True,False,"animal, animals, manifold"
appetizer,True,False,"appetite, appetites, appetible"
apple,True,True,"apple, dapple, apples"
applepie,True,False,"applies, applied, apple"
appleturnover,True,False,"approve, lecturer, approves"
applesauce,True,False,"applause, apples, applauded"
apricot,True,True,"apricot, apricots, barnicot"
apricots,True,True,"apricots, apricot, capricious"
artichoke,True,False,"article, choke, particle"
arugula,True,False,"regular, augusta, angular"
asiago,True,False,"sago, iago, asia"
asparagus,True,True,"asparagus, sprague's, spartacus"
avocado,True,False,"advocated, volcano, bravado"
babaghanoush,True,False,barbarous
bacon,True,True,"bacon, beacon, bracton"
bagel,True,False,"barge, badge, babel"
baguette,True,False,"banquette, babette, butte"
bakedbean,True,False,"baked, baden, brakeman"
bakedbeans,True,False,"brakeman, beans, baked"
bakedchicken,True,False,"chicken, chickens"
bakedpotato,True,False,"potato, adaptation"
bakedturkey,True,False,"turkey, bakery, turnkey"
baklava,True,False,"lava, batavia, larva"
balut,True,False,"salut, blunt, but"
bambooshoots,True,False,"bamboos, shoots, bloodshot"
banana,True,True,"banana, bananas, bandanna"
bananabread,True,False,"banana, barnard, bananas"
bananacreampie,False,False,No close match found
bananapepper,True,False,"pepper, banner, banana"
bananapudding,True,False,"pudding, budding, puddings"
bananasplit,True,False,"bananas, banana, annapolis"
bananasfoster,True,False,"bannister, bananas, banister"
bangersandmash,True,False,"grandma, bananas"
banhmi,True,False,"bahia, branching, branch"
barbecue,True,False,"rescue, barque, barber"
barley,True,True,"barley, bartley, bartleby"
basil,True,True,"basil, bail, basilio"
bass,True,True,"bass, brass, bassi"
bbq,True,False,"ebb, bub, boq"
bean,True,True,"bean, began, beans"
beandip,True,False,"bandit, bend, bean"
beans,True,True,"beans, bean, means"
beansprouts,True,False,"sprouts, sprout, beasts"
beef,True,True,"beef, bee, bereft"
beefandbrocolli,False,False,No close match found
beefandeggnoodles,False,False,No close match found
beefandnoodles,True,False,noodles
beeffriedrice,True,False,"befriended, frederic, befriend"
beefjerky,True,False,"jerky, bewery, belfry"
beefpastrami,True,False,beefsteak
beefstew,True,False,"beefsteak, bestow, bereft"
beefstroganoff,False,False,No close match found
beeftaco,True,False,"benefactor, benefactors, bereft"
beer,True,True,"beer, bee, brewer"
beet,True,True,"beet, beset, beget"
beets,True,True,"beets, begets, bets"
bellpepper,True,False,"pepper, peppers, peppered"
bellpeppers,True,False,"peppers, pepper, lepers"
berries,True,True,"berries, ferries, terriers"
bibblettuce,True,False,"lettuce, babette"
bibimbap,False,False,No close match found
biscuit,True,True,"biscuit, biscuits, obscurity"
biscuitsandgravy,True,False,biscuits
bison,True,True,"bison, brion, robinson"
blackbean,True,False,"blacken, blackbeard, blackened"
blackbeans,True,False,"blacken, blackbeard, blackest"
blackolives,True,False,"blackie, blackish, blackest"
blackberries,True,True,"blackberries, blackberry, blackie"
blackberry,True,True,"blackberry, blacker, blackberries"
blackeyedpeas,True,False,"blackened, lackeys, blacked"
bleucheese,True,False,"lucchese, cheese, lunches"
bltsandwich,True,False,"sandwich, sandwiches, blanch"
bluecheese,True,False,"lucchese, cheese, lunches"
blueberries,True,False,"bleoberis, blackberries, berries"
blueberry,True,False,"bluebeard, blubber, blackberry"
blueberryjelly,True,False,bluebells
bluegill,True,False,"buell, luella, bluebells"
boiledegg,True,False,"boiled, broiled, oiled"
bokchoy,True,False,"broncho, bothy, botch"
bologna,True,True,"bologna, boulogne, bolton"
bonelesswings,True,False,"blessings, blessing, confessing"
bostonlettuce,True,False,"lettuce, toilette, obsolete"
boysenberry,True,False,"gooseberry, dysentery, sowerberry"
bratwurst,True,False,"bradhurst, burst, brats"
brazilnut,True,False,"brazil, brazilian, brant"
bread,True,True,"bread, read, bred"
breadbowl,True,False,"breakdown, bread, brawl"
breadpudding,True,False,"reaping, reading, pudding"
breadfruit,True,False,"redruth, recruit, breadth"
breadstick,True,False,"breast, realistic, seasick"
breadsticks,True,False,"breasts, sticks, bricks"
bready,True,False,"ready, bread, brady"
breakfastsandwich,True,False,"breakfasts, breakfasted, breakfast"
brie,True,False,"brine, brier, brieg"
brioche,True,False,"brice, brooches, broached"
brisket,True,False,"brisker, brisk, risked"
broccoli,True,False,"morocco, bucolic, broncho"
broccolirabe,False,False,No close match found
brookie,True,False,"brooke, brook, broke"
broth,True,True,"broth, both, brother"
brownrice,True,False,"brownie, brownies, browne"
brownie,True,True,"brownie, brownies, browne"
brusselssprout,True,False,brussels
brusselssprouts,True,False,brussels
buddhasdelight,True,False,"delight, buddhas"
buffalowing,True,False,"flowing, buffalo, blowing"
buffalowings,True,False,"buffaloes, flowing, buffalo"
buicake,True,False,"buckle, bucket, bicker"
bulgogi,True,False,"bulldog, bulging, logic"
bulltesticles,True,False,"bullets, utensils, trestles"
bun,True,True,"bun, burn, buns"
bunchofgrapes,True,False,"bunches, biographies"
burger,True,True,"burger, burgher, burge"
burrito,True,False,"burton, burrow, burros"
burritobowl,True,False,"burrow, burrows, bristow"
butter,True,True,"butter, buttery, utter"
butterlettuce,True,False,"lettuce, butterflies, buttered"
butterfinger,True,False,"butteridge, uttering, butterflies"
buttermilkbiscuit,True,False,buttermilk
butternutsquash,False,False,No close match found
buttonmushrooms,True,False,"mushrooms, mushroom, buttonholes"
cabbage,True,True,"cabbage, cabbages, cage"
caesarsalad,True,False,"caesars, caesar's, caesar"
cake,True,True,"cake, cakes, caked"
calamari,True,False,"lamar, calamity, colmar"
calzone,True,False,"alone, chaloner, malone"
canadianbacon,True,False,"canadian, canadians"
candy,True,True,"candy, andy, sandy"
candybar,True,False,"candy, calendar, candor"
candycane,True,False,"anodyne, andante, candy"
cannoli,True,False,"cannot, cannon, annapolis"
cantaloupe,True,False,"catalogue, catalogues, catalogued"
capncrunch,True,False,"punch, cruncher"
cappuccino,True,False,"clapping, cappadocian"
carneasada,True,False,"carnes, canada, creased"
carnitas,True,False,"critias, anita's, carts"
carrot,True,True,"carrot, carrots, parrot"
carrotcake,True,False,"carrot, caretaker, partake"
carrots,True,True,"carrots, carrot, parrots"
cashew,True,False,"cashed, shew, chew"
cashews,True,False,"shews, cases, ashes"
cassava,True,False,"casanova, cassandra, cass"
casserole,True,True,"casserole, carol, tasseled"
cat,True,True,"cat, coat, chat"
catfish,True,False,"crayfish, crawfish, fish"
cauliflower,True,True,"cauliflower, wallflowers, gilliflower"
caviar,True,False,"caviare, octavia, clavier"
celeriac,True,False,"cleric, celia, electric"
celery,True,True,"celery, celerity, clergy"
cereal,True,False,"cereals, cerebral, real"
cerealbar,True,False,"cereals, cerebral, cellar"
chalupa,True,False,"chap, chapman, scalp"
chard,True,False,"hard, char, card"
cheddar,True,True,"cheddar, cheddars, cedar"
cheddarcheese,True,False,"cheddars, cheddar, searches"
cheese,True,True,"cheese, cheeses, cheers"
cheesecurds,True,False,"cheeses, cheesacre's, cheese"
cheesepuff,True,False,"cheese, cheeses"
cheesestick,True,False,"cheeses, cheese, seasick"
cheeseburger,True,False,"cheese, cheesacre, burger"
cheesecake,True,False,"chesapeake, cheese, cheesacre"
cheesesteak,True,False,"cheeses, cheese, beefsteak"
cheetos,True,False,"sheets, cheese, cheers"
cheezits,True,False,"chemists, sheets, chests"
cheezit,True,False,"chit, chee, chemist"
cherries,True,True,"cherries, cherrie, cherie"
cherry,True,True,"cherry, sherry, cheery"
cherrypie,True,False,"cherrie, cherries, cherry"
chicken,True,True,"chicken, chickens, thicken"
chickenalfredo,True,False,"thickened, checkered, chicken"
chickenandrice,True,False,"chickadee, chickie, chicken"
chickenandwaffles,False,False,No close match found
chickenbarbecue,True,False,chickadee
chickenbreast,True,False,"chickens, chicken, thickest"
chickenenchilada,False,False,No close match found
chickenfingers,True,False,"thickening, chickens, sickening"
chickenfriedrice,False,False,No close match found
chickenfriedsteak,False,False,No close match found
chickenlomein,True,False,"chicken, thickening, chinamen"
chickenmarsala,True,False,"chickens, chicken"
chickennoodlesoup,False,False,No close match found
chickennoodles,True,False,"chickens, noodles, chicken"
chickennuggets,True,False,"chickens, thickening, nuggets"
chickenparmesan,True,False,"parmesan, chinamen, chinaman"
chickenpotpie,True,False,"chickie, chicken, chickens"
chickensalad,True,False,"chickens, chicken, thickened"
chickensandwich,True,False,"sandwich, chickens, icelandic"
chickenstrips,True,False,"chickens, chicken, chichester"
chickenstromboli,True,False,chickens
chickentandoori,False,False,No close match found
chickentender,True,False,"thickened, cricketer, chicken"
chickentenders,True,False,"chickens, thickened, engenders"
chickenwing,True,False,"thickening, sickening, chicken"
chickenwings,True,False,"thickening, chickens, sickening"
chickpea,True,False,"chickie, chicken, chick"
chili,True,True,"chili, chill, chile"
chilibean,True,False,"chillen, caliban, chilblains"
chilipepper,True,False,"clipper, philippe, pepper"
chinese,True,True,"chinese, chins, machines"
chinesefood,True,False,"chinese, chinook, chested"
chip,True,True,"chip, chirp, chips"
chipotlechicken,False,False,No close match found
chips,True,True,"chips, hips, chip"
chitterlings,True,False,"chattering, hitting, twittering"
chives,True,False,"hives, archives, achieves"
chocolate,True,True,"chocolate, schoolmate, schoolmates"
chocolatechip,True,False,"chocolate, schoolmate, schoolmates"
chocolatechipcookie,False,False,No close match found
chocolatechipcookies,False,False,No close match found
chocolatechips,True,False,"chocolate, schoolmates, catechism"
chocolatecreampie,True,False,chocolate
chocolatepie,True,False,"chocolate, schoolmate, schoolmates"
chofan,True,False,"chan, hoffman, honan"
choppedsalad,True,False,"chopped, hopped"
chowmein,True,False,"comin, cowering, comedian"
chowder,True,False,"shower, powder, lowder"
chowmein,True,False,"comin, cowering, comedian"
churro,True,False,"hurry, huron, curry"
chutney,True,False,"chute, courtney, putney"
cilantro,True,False,"canto, citron, canton"
cinnamon,True,True,"cinnamon, chinamen, chinaman"
cinnamonbun,True,False,cinnamon
cinnamonroll,True,False,cinnamon
clam,True,True,"clam, clams, clamp"
clamchowder,True,False,"lowder, clamor, clavichord"
clementine,True,False,"clement, cemented, cement"
clubsandwich,True,False,"sandwich, sandwiches, icelandic"
cobbler,True,True,"cobbler, cobble, robber"
coco,True,False,"cocoa, coo, coop"
coconut,True,False,"cocoanut, cocoanuts, coon"
coconutcustardpie,False,False,No close match found
coconutmilk,True,False,"cocoanut, cocoanuts"
cod,True,True,"cod, cord, cold"
coffee,True,True,"coffee, coffer, scoffed"
coffeebean,True,False,coffee
coleslaw,True,False,"collar, olenska, foresaw"
collard,True,False,"collared, collar, pollard"
collardgreens,True,False,"collars, colleges, collared"
combinationfriedrice,True,False,"combination, combinations"
congee,True,False,"congested, congealed, cone"
cookedcatfish,True,False,codfish
cookedchicken,True,False,"chicken, chickens"
cookedham,True,False,"cooked, crooked, uncooked"
cookie,True,True,"cookie, cookies, coolie"
corn,True,True,"corn, scorn, corny"
corndog,True,False,"corned, cordon, corn"
cornonthecob,True,False,corinthe
cornbread,True,False,"cornered, corned, conrad"
corndog,True,False,"corned, cordon, corn"
cornedbeef,True,False,"corned, scorned, concede"
cornedbeefandcabbage,False,False,No close match found
cornmeal,True,True,"cornmeal, coronel, congeal"
cosmicbrownies,True,False,"brownies, cronies, brownie"
cottagecheese,True,False,"cottages, cottagers, cottage"
couscous,True,False,"luscious, scouts, cosmos"
crab,True,True,"crab, crabs, cab"
crabcake,True,False,"crackle, cracker, cracked"
crablegs,True,False,"cables, rambles, cradles"
cracker,True,True,"cracker, crackers, tracker"
crackers,True,True,"crackers, cracker, cracks"
craisin,True,False,"raisin, raisins, raising"
cranberries,True,True,"cranberries, raspberries, cranberry"
cranberry,True,True,"cranberry, cranberries, raspberry"
cranberrysauce,True,False,"cranberry, cranberries"
cream,True,True,"cream, scream, creamy"
creamcheese,True,False,"reaches, creche, creams"
creamofmushroomsoup,False,False,No close match found
creamedcorn,True,False,"screamed, dreamer, dreamed"
creampuff,True,False,"cream, cramp, scruff"
cremebrulee,True,False,"tremble, remembered, referee"
crispyduck,True,False,"crisply, crisp"
croissant,True,False,"cross, criss, puissant"
crouton,True,False,"croutons, crofton, cotton"
crumpet,True,False,"trumpet, trumpets, strumpet"
cubesteak,True,False,"beefsteak, bespeak, steak"
cucumber,True,True,"cucumber, cucumbers, encumber"
cupcake,True,False,"cake, pancake, clucked"
curry,True,True,"curry, scurry, cursory"
custard,True,True,"custard, custards, mustard"
daikon,True,False,"dickon, davison, drain"
dairy,True,True,"dairy, airy, hairy"
danish,True,True,"danish, vanish, banish"
darkchocolate,True,False,"chocolate, schoolmate, schoolmates"
date,True,True,"date, dates, dated"
dates,True,True,"dates, dantes, date"
deepfriedsnickers,False,False,No close match found
delimeat,True,False,"delineate, delineated, deliberate"
desert,True,True,"desert, dessert, deserts"
dessert,True,True,"dessert, desserts, desert"
deviledeggs,True,False,"devils, reviled, divides"
dill,True,True,"dill, drill, ill"
dip,True,True,"dip, drip, dips"
dog,True,True,"dog, dong, dogs"
dolphin,True,True,"dolphin, dolphins, godolphin"
donut,True,False,"dont, doubt, don't"
doritos,True,False,"doris, dormitories, orbits"
dough,True,True,"dough, drought, doughty"
doughnut,True,True,"doughnut, doughnuts, drought"
dragonfruit,True,False,"ragout, dragon, dragoon"
dressing,True,True,"dressing, dressings, undressing"
duck,True,True,"duck, ducks, duc"
ducksauce,True,False,"sauce, ducks, sauces"
dumplings,True,True,"dumplings, dumpling, dummling"
dungenesscrab,True,False,"dungeons, drunkenness"
durian,True,False,"during, durand, adrian"
easterpudding,True,False,"studding, westering, pestering"
eclair,True,False,"clair, claire, lair"
eclaire,True,False,"claire, declare, clare"
edamame,True,False,"dammed, damage, dame"
eel,True,True,"eel, weel, reel"
egg,True,True,"egg, wegg, eggs"
eggroll,True,False,"roll, troll, rolls"
eggsalad,True,False,"salad, zealand, sala"
eggnog,True,False,"pegging, legging, begging"
eggplant,True,False,"plant, pliant, plants"
eggroll,True,False,"roll, troll, rolls"
eggs,True,True,"eggs, weggs, egg"
eggsbenedict,True,False,"benedict, benediction, benedictions"
elbowmacaroni,True,False,macaroni
elephantear,True,False,"elephant, elephants, elephant's"
enchilada,True,False,"hilda, child, pencilled"
energybar,True,False,"energy, henery, generator"
energybites,True,False,"energies, energy, generates"
englishmuffin,True,False,"englishmen, englishman, englishwoman"
escargot,True,False,"cargo, iscariot, spargo"
fajita,True,False,"fait, fatal, faria"
falafel,True,False,"fall, flannel, falsely"
fat,True,True,"fat, flat, feat"
fats,True,False,"flats, feats, fates"
fetacheese,True,False,"fetches, cheese, therese"
fettuccine,True,False,"lettuce, fretting, fetching"
fettuccinealfredo,False,False,No close match found
fettucine,True,False,"lettuce, fretting, fetching"
fettucinealfredo,True,False,fettered
fig,True,True,"fig, figs, fling"
filet,True,False,"fillet, file, fillets"
filetmignon,True,False,"mignon, wilmington, reflection"
fish,True,True,"fish, fishy, ish"
fishandchips,True,False,"friendships, hardships, franchise"
fishfillet,True,False,"fillet, skillet, fillets"
fishsandwich,True,False,"sandwich, sandwiches"
fishsticks,True,False,"sticks, fiddlesticks, fisticuffs"
flan,True,False,"flank, lan, fan"
flatbread,True,False,"flared, flattered, flatheads"
flour,True,True,"flour, floury, four"
fondue,True,False,"fondle, fonder, fond"
fortunecookie,True,False,"fortune, uncooked, fortunes"
foulhalabi,False,False,No close match found
frenchbread,True,False,"wrenched, forehead, drenched"
frenchdip,True,False,"french, friendship, wrenched"
frenchfries,True,False,"franchises, trenches, french"
frenchfry,True,False,"french, wrench, trench"
frenchonionsoup,False,False,No close match found
frenchtoast,True,False,"forecast, frenchwoman, frenchman's"
fried,True,True,"fried, friend, frieda"
friedchicken,True,False,"chicken, chickens, frederick"
friedeggs,True,False,"friends, friendless, rides"
friedfish,True,False,"fiendish, reddish, friends"
friedpickles,True,False,"freckles, pickles, freckle"
friedrice,True,False,"frederic, fierce, frederick"
friedscallops,True,False,"recalls, scollops, friendships"
friedshrimp,True,False,"friendship, friendships, shrimp"
fries,True,False,"furies, fringes, friends"
fritopie,True,False,"frailties, fitzpiers, rope"
frogleg,True,False,"role, frog, fogg"
frozendinner,True,False,"frontier, fazender, render"
frozenyogurt,True,False,frozen
fruit,True,True,"fruit, fruits, fritz"
fruitbythefoot,False,False,No close match found
fruitcup,True,False,"fruit, fruitful, fruits"
fruitsalad,True,False,"fruits, friesland, salad"
fruitsnack,True,False,"fruits, snack, fruition"
fruitsnacks,True,False,"fruits, fruitless"
fruits,True,True,"fruits, fruit, ruts"
fudge,True,True,"fudge, nudge, judge"
funnelcake,True,False,"funnel, funnels, unlocked"
garbanzobeans,True,False,"arabians, abandons"
garlic,True,True,"garlic, gallic, gaelic"
garlicbread,True,False,"garlic, garbed, gnarled"
generaltsoschicken,True,False,generalship
generaltsoschicken,True,False,generalship
ghee,True,False,"hee, gee, thee"
ginger,True,True,"ginger, gingerly, singer"
gingerpork,True,False,"ginger, interior, ingeborg"
gizzard,True,True,"gizzard, blizzard, wizard"
gnocchi,True,False,"pinocchio, pinocchio's, notch"
goatcheese,True,False,"cheese, gatherers, watches"
goldfish,True,True,"goldfish, oldish, goldfinch"
goldfishcracker,True,False,goldfish
gordita,True,False,"gordian, gloria, rita"
gouda,True,False,"gourd, gould, aouda"
grahamcracker,True,False,"cracker, crackers"
grahamcrackers,True,False,"crackers, cracker, characters"
grain,True,True,"grain, grains, rain"
grains,True,True,"grains, rains, grins"
granola,True,False,"gran, gaol, gala"
granolabar,True,False,"malabar, granary, granada"
grape,True,True,"grape, grapes, rape"
grapefruit,True,False,"recruit, refit, recruits"
grapes,True,True,"grapes, grape, graves"
gravy,True,True,"gravy, gray, gravity"
greenbean,True,False,"greene, greenland, green"
greenbeans,True,False,"greens, greene, greenness"
greenonion,True,False,"retention, greenwood, reunion"
greenonions,True,False,"greenish, pretensions, onions"
greenpea,True,False,"greene, green, greenery"
greenpepper,True,False,"greenery, pepper, greene"
greenpeppers,True,False,"peppers, greenery, creepers"
greenleaflettuce,False,False,No close match found
greens,True,True,"greens, green's, green"
grilledcheese,True,False,grilled
grilledchicken,True,False,"grilled, chicken"
grilledfish,True,False,"grilled, goldfish, grille"
grilledpeppers,True,False,"peppers, grilled"
grilledvegetables,True,False,"vegetables, vegetable"
grits,True,False,"grit, gris, gits"
groundbeef,True,False,"grounded, ground, rounder"
groundcherries,True,False,"groceries, cherries, roundheads"
groundchuck,True,False,"ground, woodchuck, groundwork"
groundround,True,False,"grounded, rondon, ground"
groundsirloin,True,False,"rousillon, grounds, rounding"
grouper,True,False,"grouped, roper, group"
gruyere,True,False,"ruyter, grayer, ye're"
guacamole,True,False,"gambol, gamble, cajole"
guava,True,False,"guiana, lava, java"
guineapig,True,False,"guinea, guineas, unmeaning"
gum,True,True,"gum, gums, glum"
gumbo,True,False,"gum, gub, umbool"
gummibear,True,False,"summer, number, mummer"
gummybears,True,False,"summers, numbers, mummers"
gummyworms,True,False,"worms, gummy"
gyro,True,False,"grow, gros, grog"
haggis,True,False,"hags, higgins, hangs"
halibut,True,False,"haut, halt, hurlbut"
ham,True,True,"ham, sham, harm"
hamandcheesesandwich,False,False,No close match found
hamburger,True,False,"hamburg, burger, limburger"
hardboiledegg,True,False,harbored
hash,True,True,"hash, harsh, has"
hashbrowns,True,False,"browns, brown's, washburn"
hashbrown,True,False,"shown, brown, washburn"
hashbrowns,True,False,"browns, brown's, washburn"
hazelnut,True,False,"hazel, walnut, walnuts"
hibachi,True,False,"bach, kihachi, ibrahim"
hoagie,True,False,"homage, hostage, osage"
hominy,True,False,"homily, shiny, minty"
honey,True,True,"honey, honeyed, honesty"
honeybun,True,False,"honey, honeymoon, honeycomb"
honeydew,True,False,"honeyed, honey, horned"
honeydewmelon,True,False,honeymoon
horsdoeuvres,True,False,"whosoever, ourselves, orders"
hotbrown,True,False,"brown, outgrown, thrown"
hotdog,True,False,"outdo, hondo, hodge"
hotpocket,True,False,"pocket, pockets, hooke"
hotsauce,True,False,"sauce, sauces, saucer"
hotdog,True,False,"outdo, hondo, hodge"
hotpot,True,False,"hoot, outpost, shoot"
housefriedrice,False,False,No close match found
huevosrancheros,False,False,No close match found
hummus,True,False,"hums, humours, humbugs"
hushpuppy,True,False,"puppy, supply"
ice,True,True,"ice, vice, rice"
icecream,True,False,"cream, scream, creamy"
icecreamsandwich,True,False,sandwich
iceberglettuce,True,False,"lettuce, iceberg"
intestine,True,False,"intestines, intestinal, intertwined"
italian,True,True,"italian, italians, talisman"
italianfood,True,False,"italian, italians"
italiansausage,True,False,"italians, sausage, italian"
jackfruit,True,False,"fruit, jackie, jacket"
jalapeno,True,False,"jalap, alan"
jam,True,True,"jam, joam, jamb"
jambalaya,True,False,"malay, malady, himalayas"
japanesefood,True,False,japanese
jello,True,False,"nello, jelly, hello"
jello,True,False,"nello, jelly, hello"
jelly,True,True,"jelly, elly, welly"
jellybeans,True,False,"jellyband, pelleas, jellies"
jerkchicken,True,False,"chicken, chickens, jerkin"
jerky,True,True,"jerky, jerk, jerry"
jicama,True,False,"jamak, jocapa, jim"
jonessoda,True,False,"jones's, jones, jonson"
juice,True,True,"juice, juices, justice"
kabob,True,False,"nabob, bob, absorb"
kale,True,False,"ale, yale, vale"
karikara,True,False,"varvara, kara, jaikark"
kebab,True,False,"kebby, ebb, bab"
ketchup,True,True,"ketchup, ketchum, ketch"
keylimepie,True,False,kelpie
kidneybean,True,False,"kidney, kidneys"
kimchi,True,False,"kihachi, kinch, chokichi"
kiwi,True,False,"kwai, wi, ki"
kohlrabi,False,False,No close match found
krackel,True,False,"racket, racked, rachel"
kumquat,True,False,"squat, quart, murat"
lakefish,True,False,"lakes, blackish, rakish"
lamb,True,True,"lamb, lambs, lab"
lambchop,True,False,"lamp, lambole, lambeth"
lambchops,True,False,"lamps, lambs, chops"
lasagna,True,False,"laana, laysan, larsan"
latkes,True,False,"lakes, slates, plates"
latte,True,False,"platte, latter, late"
leaflettuce,True,False,"lettuce, leaflets, lafayette"
leek,True,False,"sleek, lee, week"
lemon,True,True,"lemon, lemons, leon"
lemonsquare,True,False,"lemonade, square, mosque"
lemonade,True,True,"lemonade, leonard, monad"
lentil,True,False,"lentils, entail, plentiful"
lentils,True,True,"lentils, entails, gentiles"
lettuce,True,True,"lettuce, letter, luce"
lettucewrap,True,False,"lettuce, letter, letters"
licorice,True,False,"cornice, cornices, icicle"
limabean,True,False,"laban, elizabethan, limbed"
limabeans,True,False,"means, limes, limbs"
limburger,True,True,"limburger, burger, climber"
lime,True,True,"lime, slime, limes"
lingonberry,True,False,"linger, lingers, library"
linguine,True,False,"sanguine, flinging, clinging"
liver,True,True,"liver, oliver, livery"
lomein,True,False,"omen, mein, loin"
lobster,True,True,"lobster, lobsters, loser"
lobsterbisque,True,False,"lobsters, lobster, obstetrics"
lobsterstuffedwithtaco,False,False,No close match found
lollipop,True,False,"loop, lolling, folliot"
luckycharm,True,False,"lukewarm, lucky, lucca"
lumpia,True,False,"lump, olympia, plump"
lunchables,True,False,"lunches, uncles, unable"
lychee,True,False,"chee, lynch, cheer"
macandcheese,True,False,"manchester, vacancies, comanches"
macadamia,True,False,"arcadia, academical, madam"
macadamianut,True,False,"adamant, arcadian, madman"
macaron,True,False,"macaroni, aaron, matron"
macaroni,True,True,"macaroni, marconi, aaron"
macaroniandcheese,False,False,No close match found
macaronicheese,True,False,"macaroni, marches, manicheans"
macaronisalad,True,False,"macaroni, matrimonial, carnival"
mackerel,True,True,"mackerel, maker, merely"
mahimahi,True,False,"mahina, ahimsa, mimi"
mandarin,True,False,"mazarin, madrina, fanarin"
mango,True,False,"mungo, manor, manon"
manicotti,True,False,"marriott, fannicot, barnicot"
mapotofu,False,False,No close match found
marbledryebread,False,False,No close match found
marmalade,True,True,"marmalade, marmaduke, maryland"
marshmallow,True,False,"marshall, shallow, marshal"
mashedpotato,True,False,"potato, mashed"
mashedpotatoes,True,False,"potatoes, meditates, mottoes"
matzo,True,False,"mat, tomato, matron"
matzoball,True,False,"atoll, atolls"
matzoballsoup,False,False,No close match found
mayonnaise,True,True,"mayonnaise, madonna, monna"
meat,True,True,"meat, meats, meant"
meatbun,True,False,"meat, mean, maun"
meatloaf,True,False,"smeaton, mercato, meat"
meatball,True,False,"metal, metallic, mentally"
meatballhoagie,False,False,No close match found
meatballsandwich,True,False,"sandwich, metallic"
meatballs,True,False,"metals, metal, meats"
meatloaf,True,False,"smeaton, mercato, meat"
melon,True,True,"melon, melons, milon"
menudo,True,False,"menu, mend, mendoza"
mexican,True,True,"mexican, mexicans, american"
mexicanfood,True,False,"mexican, mexicans, mexico"
milanesa,True,False,"milanese, mines, miles"
milanocookie,True,False,cookie
milk,True,True,"milk, milky, milked"
milkshake,True,False,"mistake, shake, mistakes"
millefeuille,True,False,"millville, illegible"
millet,True,True,"millet, mullet, miller"
minestrone,True,False,"milestone, minstrel, inertron"
mint,True,True,"mint, minty, minta"
miso,True,False,"mis, milsom, muso"
misosoup,True,False,"missouri, missus, soup"
mocha,True,True,"mocha, moa, mothah"
mochi,True,False,"mocha, moloch, cochin"
monkey,True,True,"monkey, monkeys, money"
monterey,True,True,"monterey, monastery, montero"
mooncake,True,False,"mooney, monkey, monica"
mozzarella,True,False,"marcella, morrell, marvell"
mozzarellastick,False,False,No close match found
mozzarellasticks,False,False,No close match found
mrgoodbar,False,False,No close match found
muffin,True,True,"muffin, muffins, muffling"
muffuletta,True,False,"muffler, muffled"
mulberries,True,False,"berries, mulberry, merriest"
mushroom,True,True,"mushroom, mushrooms, washroom"
mushrooms,True,True,"mushrooms, mushroom, rooms"
muskmelon,True,False,"melon, skeleton, skeletons"
mussel,True,True,"mussel, mussels, muse"
mustard,True,True,"mustard, custard, mustered"
mutton,True,True,"mutton, sutton, hutton"
naan,True,False,"nathan, canaan, naxa"
nacho,True,False,"ach, tatcho, snatch"
nachos,True,False,"gauchos, anchors, naxos"
napoleon,True,True,"napoleon, napoleons, napoleonic"
nectarine,True,False,"nectar, sectaries, catharine"
newyorkstrip,False,False,No close match found
noodle,True,True,"noodle, noodles, poodle"
noodles,True,True,"noodles, noodle, toodles"
northernbean,True,False,"northern, norther, northumberland"
nuggets,True,True,"nuggets, nugget, suggests"
nut,True,True,"nut, nutt, nuts"
nutthins,True,False,"nothings, cuttings, thinks"
nutella,True,False,"nutshell, stella, luella"
nutrients,True,False,"nutriment, entries, sentiments"
nuts,True,True,"nuts, nut, snouts"
oatmeal,True,True,"oatmeal, teal, meal"
oats,True,True,"oats, oaths, oates"
octopus,True,False,"corpus, tops, opus"
oil,True,True,"oil, toil, soil"
okra,True,False,"okar, nora, lora"
olem,True,False,"ole, solemn, moslem"
olive,True,True,"olive, olives, oliver"
oliveoil,True,False,"olive, olivia, olives"
olives,True,True,"olives, olive's, olive"
omelet,True,True,"omelet, omelette, melt"
omelette,True,True,"omelette, l'omelette, omelet"
onigiri,True,False,"ongar, ogier"
onion,True,True,"onion, onions, opinion"
onionring,True,False,"motioning, honouring, confining"
onionrings,True,False,"moorings, onions, motioning"
onions,True,True,"onions, onion, opinions"
orange,True,True,"orange, oranges, range"
orangechicken,True,False,"chicken, chickens"
orangejuice,True,False,"orange, prejudice, rejoice"
orangepepper,True,False,"ranger, pepper, orange"
oregano,True,False,"organ, regain, organs"
oreo,True,False,"ore, oregon, forego"
oreocookies,True,False,"rockies, cookies, cookie"
orzo,True,False,"lorenzo, horizon, ro"
oxalis,True,False,"oasis, goals, foals"
oxtail,True,False,"tail, trail, total"
oyster,True,True,"oyster, oysters, oyster's"
padthai,True,False,"path, pathway, plata"
palakpaneer,True,False,"salamander, pleasanter, planter"
pancake,True,True,"pancake, pancakes, packet"
pancakes,True,True,"pancakes, pancake, pancras"
panini,True,False,"pani, pain, panting"
papaya,True,False,"papacy, papa, papal"
parmesan,True,True,"parmesan, parkman, armes"
parmesancheese,True,False,"parmesan, preachers, reaches"
parsley,True,True,"parsley, parley, paley"
parsnip,True,False,"parson, snip, pani"
passionfruit,True,False,"passion, passionate, passport"
passionfruit,True,False,"passion, passionate, passport"
pasta,True,False,"past, rasta, posta"
pastasalad,True,False,"staal, salad, pastoral"
pastrami,True,False,"upstream, pastrini, pastoral"
pastry,True,True,"pastry, pasty, pastor"
pate,True,True,"pate, prate, plate"
pattymelt,True,False,"payment, patty, payments"
pea,True,True,"pea, plea, peat"
peach,True,True,"peach, preach, each"
peanut,True,True,"peanut, peanuts, pedant"
peanutbutter,True,False,"peanut, patter, nutter"
peanutbutterandjellysandwiches,False,False,No close match found
peanutbuttercookie,False,False,No close match found
peanutbutterjelly,True,False,butterwell
peanuts,True,True,"peanuts, peanut, pants"
pear,True,True,"pear, spear, pears"
peas,True,True,"peas, pleas, pease"
pecan,True,False,"pelican, pemmican, pen"
pecans,True,False,"pens, peas, pans"
pekingduck,True,False,"peking, pecking, speaking"
penne,True,False,"penned, penn, pennies"
pepper,True,True,"pepper, peppers, peppered"
pepperoni,True,False,"pepper, peppers, peppermint"
peppers,True,True,"peppers, pepper, peers"
pesto,True,False,"presto, pest, preston"
pheasant,True,True,"pheasant, pheasants, peasant"
pho,True,False,"po, ho, phone"
picantesauce,True,False,"picturesque, incandescent"
pickle,True,True,"pickle, pickles, pickled"
pickledginger,True,False,"pledging, picketing, pickering"
pie,True,True,"pie, pipe, pine"
pierogi,True,False,"piero, pietro, pier"
pierogies,True,False,"prodigies, prerogatives, peonies"
pigfeet,True,False,"feet, puget, piety"
pill,True,True,"pill, spill, pills"
pinenuts,True,False,"peanuts, intents, pinus"
pineapple,True,True,"pineapple, apple, pinnacle"
pintobean,True,False,"intolerant, pinto, nobleman"
pintobeans,True,False,"pinions, phineas, intents"
pistachio,True,False,"mustachios, pitch, pisah"
pistachios,True,False,"mustachios, distractions, pitches"
pita,True,False,"pit, pitman, spit"
pitabread,True,False,"tread, pared, bread"
pizza,True,False,"piazza, pizarro, pisa"
pizzaroll,True,False,"pizarro, piazza, patrol"
plantains,True,False,"plantations, plantation, planting"
plum,True,True,"plum, plums, plump"
polenta,True,False,"potent, pollen, polina"
polishsausage,True,False,"sausage, sausages, polishes"
pomegranate,True,True,"pomegranate, pomegranates, pegana"
poptart,True,False,"ptarth, powart, potato"
popcorn,True,False,"poor, corn, proctor"
popcornshrimp,False,False,No close match found
popsicle,True,False,"possible, sickle, posies"
pork,True,True,"pork, porky, york"
porkchops,True,False,"workshops, porthos, porches"
porkloin,True,False,"workin, poring, poplin"
porkroast,True,False,"roast, porous, parrot"
porkshoulder,True,False,"shoulder, shoulders, prouder"
porkchop,True,False,"porch, workshop, poncho"
portabella,True,False,"portable, arabella, portal"
portabellamushroom,False,False,No close match found
porterhousesteak,True,False,storehouses
potpie,True,False,"pope, poppies, porte"
potroast,True,False,"toast, roast, portrait"
potato,True,True,"potato, potatoes, otto"
potatochip,True,False,"potato, potatoes, poaching"
potatochips,True,False,"potatoes, potato, patches"
potatosalad,True,False,"potatoes, potato, spatola"
potatoes,True,True,"potatoes, potato, rotates"
potatoessoup,True,False,"potatoes, potato, potassium"
potpie,True,False,"pope, poppies, porte"
potstickers,True,False,"tickers, posters, potter's"
pottedmeat,True,False,"potted, spotted, plotted"
poultry,True,True,"poultry, sultry, prouty"
poutine,True,False,"routine, pouting, outline"
pozole,True,False,"poodle, pool, pole"
pretzel,True,False,"gretel, retz, reel"
pretzels,True,False,"reels, pretexts, pretense"
primerib,True,False,"primer, prime, priori"
pringles,True,False,"ringlets, triangles, springs"
prosciutto,True,False,"prosecutor, prosecution, prosecute"
proteins,True,False,"proteus, protest, potions"
prune,True,True,"prune, prunes, prue"
pudding,True,True,"pudding, puddings, padding"
pulledpork,True,False,"pulled, uller, splendor"
pumpkin,True,True,"pumpkin, pumpkins, pumping"
pumpkinpie,True,False,"pumpkin, pumpkins, pumpkinhead"
pumpkinseed,True,False,"pumpkins, pumpkinhead, pumpkin"
pumpkinseeds,True,False,"pumpkins, pumpkinhead, pumpkin"
quail,True,True,"quail, quailed, quilt"
quesadilla,True,False,"quadrille, quillan, quill"
queso,True,False,"quest, question, quo"
quiche,True,False,"quince, guiche, quincey"
quinoa,True,False,"quinton, quinnox, equinox"
rabbit,True,True,"rabbit, rabbits, rabbi"
radicchio,True,False,"radio, tradition, radiation"
radish,True,False,"radishes, rakish, radius"
raisin,True,True,"raisin, raisins, raising"
raisinbread,True,False,"sinbad, raisin, raised"
raisins,True,True,"raisins, raisin, risings"
raison,True,False,"risdon, reason, ration"
ramen,True,False,"amen, raiment, raven"
ramennoodles,True,False,"noodles, noodle, amends"
ranchdressing,True,False,"undressing, addressing, dressing"
rapini,True,False,"rapkin, rapine, rain"
raspberries,True,True,"raspberries, cranberries, raspberry"
raspberry,True,True,"raspberry, sperry, rasper"
raspeberry,True,False,"raspberry, raspberries, sperry"
ratatouille,True,False,"rattle, rattles, rattler"
ravioli,True,False,"violin, rail, violins"
redcabbage,True,False,"cabbage, cabbages, wreckage"
redleaflettuce,True,False,lettuce
redonion,True,False,"reunion, ronin, onion"
redpepper,True,False,"pepper, peppers, creeper"
redpeppers,True,False,"peppers, creepers, pepper"
redpotatoes,True,False,"potatoes, rotates, reputations"
reese,True,False,"reverse, release, trees"
reeses,True,False,"reverses, releases, recesses"
reesescups,True,False,"treeless, reverses, rescuers"
refriedbean,True,False,"frieda, refrained, refrain"
relish,True,True,"relish, relished, relies"
rib,True,True,"rib, ribs, crib"
ribeye,True,False,"bribery, tribe, riley"
riblets,True,False,"giblets, rivulets, ringlets"
ribs,True,True,"ribs, rib, tribes"
rice,True,True,"rice, trice, price"
ricecake,True,False,"rickie, reticence, wrecked"
rigatoni,True,False,"irrigation, brighton, resignation"
risotto,True,False,"grotto, giotto, cristo"
ritzcracker,True,False,"tracker, cracker, nutcracker"
roast,True,True,"roast, roasted, toast"
roastbeef,True,False,"roasted, roast, roadstead"
roastedchicken,True,False,"thicken, rostopchin, roasted"
roll,True,True,"roll, troll, rolls"
romaine,True,False,"romayne, romarin, romance"
romainelettuce,True,False,"omelette, romance, prominence"
rooster,True,True,"rooster, roosters, roost"
roots,True,True,"roots, root, ryots"
rosemary,True,True,"rosemary, rosary, seminary"
rotisseriechicken,False,False,No close match found
russetpotatoes,True,False,"potatoes, rotates"
rutabaga,True,False,tabatinga
ryebread,True,False,"bread, retreated, redbreast"
ryebread,True,False,"bread, retreated, redbreast"
sage,True,True,"sage, usage, stage"
salad,True,True,"salad, sala, slade"
saladdressing,True,False,"addressing, dressing, saddening"
salami,True,False,"salamis, salam, slam"
salmon,True,True,"salmon, salmons, salon"
salmonpoke,True,False,"salmon, salmons, spoke"
salsa,True,False,"sala, seals, scala"
salt,True,True,"salt, shalt, salut"
samosa,True,False,"amos, samovar, salmons"
sandwich,True,True,"sandwich, sandwiches, sanch"
sardine,True,True,"sardine, sardines, sadie"
sardines,True,True,"sardines, sardine, tardiness"
sashimi,True,False,"sahim, sash, asim"
sauce,True,True,"sauce, sauces, saucer"
sauerkraut,True,False,"serrated, saturate, sarka"
sausage,True,True,"sausage, sausages, usage"
scallions,True,False,"stallions, scullions, stallion"
scallop,True,False,"scalloped, scalp, scollops"
scrambledegg,True,False,"scrambled, scramble, rambled"
scrambledeggs,True,False,"scrambled, scramble, rambles"
seabass,True,False,"seas, sass, saba"
seafood,True,False,"seafloor, food, stood"
seaweed,True,True,"seaweed, seaweeds, sewed"
seaweedsalad,True,False,"seaweeds, seaweed"
seeds,True,True,"seeds, steeds, speeds"
seitan,True,False,"stan, sita, sextant"
sesamechicken,True,False,"chicken, chickens"
sesameseeds,True,False,"seaweeds, sesame, seamed"
shallot,True,False,"shallow, shalt, shall"
shark,True,True,"shark, sharks, shar"
shawarma,True,False,"swarm, peshawar, swarms"
shepherdspie,True,False,"shepherds, shepherd's, shepherd"
sherbet,True,True,"sherbet, herbert, sheet"
shitakemushroom,True,False,"mushroom, stateroom, mushrooms"
shrimp,True,True,"shrimp, shrimps, ship"
shrimpfriedrice,False,False,No close match found
shrimpscampi,True,False,"shrimps, shrimp"
sirloin,True,False,"swirling, stirling, sailin"
sloppyjoe,True,False,"sloppy, slope, slopes"
smoothie,True,False,"smoother, smoothed, soothe"
smores,True,False,"sores, stores, snores"
snackcakes,True,False,"snakes, snake's, snatches"
snails,True,True,"snails, snail's, snail"
snappeas,True,False,"snapper, snapped, appease"
snicker,True,False,"nicer, wicker, ticker"
snickers,True,False,"vickers, tickers, suckers"
soba,True,False,"sob, sola, sofa"
sod,True,True,"sod, sold, sods"
soda,True,True,"soda, sod, soudan"
sopa,True,False,"sop, sophia, stop"
sorbet,True,False,"sort, sore, sherbet"
souffle,True,False,"shuffle, scuffle, shuffled"
soup,True,True,"soup, soups, sup"
soupbeans,True,False,"spans, soups, opens"
sourcream,True,False,"source, scream, sources"
soursop,True,False,"sous, sour, soup"
soysauce,True,False,"sauce, source, solace"
soybeans,True,False,"beans, yearns, oceans"
soymilk,True,False,"soil, silk, milk"
spaghetti,True,False,"paget, pathetic, sympathetic"
spaghettiandmeatballs,False,False,No close match found
spam,True,False,"spasm, sam, spasms"
spareribs,True,False,"spares, parris, parrish"
specialk,True,False,"special, especial, specialty"
spice,True,True,"spice, spices, spiced"
spicychicken,True,False,"chicken, chickens, sicken"
spinach,True,True,"spinach, pinch, spinal"
springrolls,True,False,"springs, springer's, springer"
sprinkle,True,True,"sprinkle, sprinkled, wrinkle"
sprouts,True,True,"sprouts, sprout, spout"
squash,True,True,"squash, squashes, squashed"
squid,True,False,"quid, squalid, squad"
starfruit,True,False,"starlit, strut, start"
starburst,True,False,"arbours, strut, start"
starbursts,True,False,"trusts, starts, bursts"
starfruit,True,False,"starlit, strut, start"
steak,True,True,"steak, streak, steaks"
steamedvegetables,True,False,"vegetables, vegetable"
stew,True,True,"stew, strew, sew"
stirfriedpork,True,False,stirred
stirfriedvegetables,True,False,vegetables
stirfry,True,False,"starry, stir, testify"
stirfrychicken,True,False,"stricken, thicken, chicken"
strawberries,True,True,"strawberries, strawberry, raspberries"
strawberry,True,True,"strawberry, strawberries, starry"
strawberryjelly,True,False,"strawberry, strawberries"
strawberrysmoothie,True,False,"strawberries, strawberry"
stringcheese,True,False,"ostriches, strings, trenches"
stromboli,True,False,"stool, symbolic, stamboul"
strudel,True,False,"truely, trudge, strode"
stuffedcabbage,True,False,"stuffed, cabbage"
stuffedflounder,True,False,flounder
stuffedpeppers,True,False,"sufferers, suppers, suffers"
stuffing,True,True,"stuffing, snuffing, sufficing"
sub,True,True,"sub, stub, snub"
subsandwich,True,False,"sandwich, sandwiches, substance"
subway,True,True,"subway, sway, sways"
subwaybread,True,False,"swayed, subway, swarmed"
succotash,True,False,"scots, succours, scottish"
sucker,True,True,"sucker, suckers, tucker"
suckers,True,True,"suckers, sucker, saucers"
sugar,True,True,"sugar, sugary, sluggard"
sugarcookie,True,False,"cookie, cookies"
sugarfreesyrup,False,False,No close match found
summersquash,True,False,"summers, summer's, summer"
sunflowerseed,True,False,"sunflowers, sunflower, flowered"
sunflowerseeds,True,False,"sunflowers, sunflower, flowerbeds"
sushi,True,False,"sushai, susie, slush"
sweetandsourpork,False,False,No close match found
sweetpotato,True,False,"potato, sweetmeat, sweetwater"
sweetpotatopie,True,False,sweetwater
sweetpotatoes,True,False,"potatoes, sweetwater, sweetmeats"
swisscheese,True,False,"switches, wishes, cheese"
swordfish,True,False,"swords, wolfish, swedish"
syrup,True,True,"syrup, sup, stirrup"
tbone,True,False,"tone, bone, towne"
taco,True,False,"tao, tatcho, tact"
tacobell,True,False,"toll, tell, tall"
tacosalad,True,False,"salad, oswald"
tahini,True,False,"tahiti, thin, tain"
tamale,True,False,"tame, tale, male"
tangerine,True,False,"tangerines, tangent, tanager"
tapas,True,False,"taps, traps, tapes"
taquito,True,False,"quito, acquit, tito"
taro,True,False,"tar, tao, tsar"
tart,True,True,"tart, tarts, start"
tatertot,True,False,"atherton, tattoo, uttermost"
tatertots,True,False,"tatters, staterooms, tarts"
tea,True,True,"tea, thea, teas"
tempeh,True,False,"temple, temper, tempter"
tempura,True,False,"temporal, temper, temporary"
tenderloin,True,False,"tenderly, tender, rendering"
teriyakichicken,False,False,No close match found
teriyakisauce,False,False,No close match found
tetrazzini,True,False,"training, train, restraining"
tikkamasala,False,False,No close match found
tilapia,True,False,"titania, tarpeia, tapioca"
tiramisu,True,False,"trams, tramps, traits"
toast,True,True,"toast, toasts, topmast"
tofu,True,False,"tour, toff, thou"
tomato,True,True,"tomato, tomatoes, toto"
tomatobasilsoup,False,False,No close match found
tomatosoup,True,False,"tomatoes, tomato"
tongue,True,True,"tongue, tongues, tongued"
tonkatsu,True,False,"toasts, thoats, tons"
tootsieroll,True,False,hoosier
toquito,True,False,"quito, mosquito, mosquitos"
torta,True,False,"tortuga, total, porta"
torte,True,False,"tote, tore, torture"
tortellini,True,False,"tellin, thorstein, trellis"
tortilla,True,False,"gorilla, trill, travilla"
tortillachips,False,False,No close match found
tostada,True,False,"toad, toasted, total"
tostitos,True,False,"toasts, tito's, stilts"
trailmix,True,False,"trail, trailing, trails"
trout,True,True,"trout, trouts, trot"
troutalmondine,True,False,"tourmaline, routine, outline"
truffles,True,False,"ruffles, ruffle, trifles"
tuna,True,False,"una, tun, tundra"
tunapoke,True,False,"unspoken, turnpike, unmake"
tunasalad,True,False,"salad, nasal, unsealed"
tunasandwich,True,False,"sandwich, sandwiches"
turkey,True,True,"turkey, turnkey, turkeys"
turnip,True,True,"turnip, turnips, turn"
tvdinner,True,False,"dinner, thinner, dinners"
tvp,True,False,"top, tip, tap"
twinkies,True,False,"twinkle, twinges, tiniest"
twix,True,False,"twixt, twit, twin"
twixbar,True,False,"twixt, twirl, tiber"
twizzler,True,False,"whizzer, wilder, tiller"
twizzlers,True,False,"whizzer, toilers, tillers"
tzatziki,False,False,No close match found
udon,True,False,"udo, don, undone"
union,True,True,"union, unison, unions"
veal,True,True,"veal, venal, vel"
vegetable,True,True,"vegetable, vegetables, regrettable"
vegetabledelight,True,False,"vegetable, vegetables"
vegetables,True,True,"vegetables, vegetable, eatables"
veggieburger,True,False,"limburger, burger"
venison,True,True,"venison, tenison, vision"
vidaliaonion,True,False,"variation, valuation, civilization"
vinegar,True,True,"vinegar, viner, vineyard"
waffle,True,False,"raffle, baffle, raffles"
waffles,True,False,"raffles, wales, whales"
walnut,True,True,"walnut, walnuts, want"
walnuts,True,True,"walnuts, walnut, wants"
water,True,True,"water, watery, waters"
waterchestnut,True,False,"chestnut, chestnuts, watches"
watermelon,True,True,"watermelon, waterman, waterloo"
waxbean,True,False,"waxen, wean, bean"
wheat,True,True,"wheat, what, heat"
wheatbread,True,False,"sweetbreads, heated, hatred"
wheatthin,True,False,"sheathing, wetting, watchin"
wheatthins,True,False,"heathens, heaths, sheathing"
wheatgrass,True,False,"harass, whereas, wheat"
whipcream,True,False,"hiram, cream, whispered"
whippedcream,True,False,"whipped, whispered, whimpered"
whiteonion,True,False,"whiten, whitefoot, intention"
wholewheatbread,True,False,"wholeheartedly, sweetbreads"
wiener,True,False,"winter, winner, winder"
wine,True,True,"wine, wines, wince"
wings,True,True,"wings, wrings, swings"
wintersquash,True,False,"winters, winter's, winter"
wrap,True,True,"wrap, wrapt, wraps"
yam,True,False,"ya, am, yea"
yeast,True,True,"yeast, east, years"
yellowonion,True,False,"yellowstone, yellow, yellowish"
yellowpepper,True,False,"yellower, yellow, pepper"
yellowpeppers,True,False,"yellower, yellows, peppers"
yogurt,True,False,"your, youth, yours"
yumasetti,True,False,"upsetting, settin, mattie"
zandc,True,False,"and, zinc, zeeland"
zebracake,True,False,"embrace, bracket, bracken"
ziti,True,False,"zizi, piti, ti"
zucchini,True,False,"urchin, cochin, urchins"
zucchinibread,False,False,No close match found
zucchinisalad,False,False,No close match found
