Forager_Word,Found,Original Found,AZ Close Matches
aardvark,TRUE,TRUE,aardvark
aardwolf,TRUE,TRUE,"aardwolf, red wolf, wolf"
abalone,TRUE,FALSE,"sable, nabarlek, balinese"
abeja,TRUE,FALSE,"amberjack, bear"
addax,TRUE,TRUE,addax
adder,TRUE,FALSE,"badger, puff adder, deer"
adelgid,FALSE,FALSE,No close match found
adelie penguin,TRUE,FALSE,"adélie penguin, little penguin, magellanic penguin"
aedes aegypti,FALSE,FALSE,No close match found
affenpinscher,TRUE,TRUE,"affenpinscher, german pinscher, doberman pinscher"
afghan hound,TRUE,TRUE,"afghan hound, ibizan hound"
african dog,TRUE,FALSE,"african wild dog, american bulldog, african bullfrog"
african elephant,TRUE,FALSE,"asian elephant, african bush elephant, african forest elephant"
african wild dog,TRUE,TRUE,"african wild dog, african clawed frog, american bulldog"
agama,FALSE,FALSE,No close match found
agouti,TRUE,TRUE,"agouti, maggot"
airedale terrier,TRUE,TRUE,"airedale terrier, patterdale terrier, cairn terrier"
akita,TRUE,TRUE,"akita, vaquita, huskita"
albacore,TRUE,FALSE,albacore tuna
albatross,TRUE,TRUE,albatross
albino python,TRUE,FALSE,"ball python, timor python, blood python"
alga,TRUE,FALSE,"saola, saiga, nyala"
alligator,TRUE,FALSE,"alligator gar, chinese alligator, american alligator"
alligator lizard,TRUE,FALSE,"alligator gar, mexican alligator lizard, northern alligator lizard"
alligator snapping turtle,TRUE,FALSE,snapping turtle
allosaurus,TRUE,TRUE,"allosaurus, allosaurus, basilosaurus"
alpaca,TRUE,TRUE,alpaca
amberjack,TRUE,TRUE,"amberjack, natterjack"
american toad,TRUE,TRUE,"american toad, marine toad, american robin"
amoeba,TRUE,FALSE,"mamba, sambar"
amphibian,FALSE,FALSE,No close match found
amphioxus,FALSE,FALSE,No close match found
amphipod,FALSE,FALSE,No close match found
anaconda,TRUE,TRUE,"anaconda, green anaconda, yellow anaconda"
anchovy,TRUE,FALSE,anchovies
anemone,TRUE,FALSE,"sea anemone, antelope"
angelfish,TRUE,TRUE,"angelfish, anglerfish, hagfish"
anglerfish,TRUE,TRUE,"anglerfish, angelfish, oarfish"
angora goat,TRUE,TRUE,"angora goat, pygora goat, boer goat"
angora rabbit,TRUE,FALSE,"angora goat, rex rabbit, norway rat"
anhinga,TRUE,TRUE,"anhinga, saiga, nightingale"
ankylosaur,TRUE,FALSE,"tylosaurus, titanosaur, allosaurus"
annelid,FALSE,FALSE,No close match found
anole,TRUE,FALSE,"vole, mole"
ant,TRUE,TRUE,"ant, rat, cat"
anteater,TRUE,TRUE,"anteater, giant beaver, panther"
antelope,TRUE,TRUE,"antelope, manatee"
antelope squirrel,TRUE,FALSE,"japanese squirrel, red squirrel, fox squirrel"
anthropoid,TRUE,FALSE,theropod
antlion,TRUE,FALSE,"lion, lion, sea lion"
apatosaurus,TRUE,FALSE,"anteosaurus, ceratosaurus, xiaosaurus"
ape,TRUE,TRUE,"ape, magpie, asp"
aphid,TRUE,FALSE,"red aphids, aidi"
aplysia,FALSE,FALSE,No close match found
appaloosa,FALSE,FALSE,No close match found
apple maggot,TRUE,FALSE,"apple moth, maggot"
arachnid,FALSE,FALSE,No close match found
arapaima,TRUE,TRUE,arapaima
archaea,TRUE,FALSE,"rhea, chimaera, arctic hare"
archeopteryx,TRUE,FALSE,"archaeopteryx, hatzegopteryx, archaeotherium"
archosaur,TRUE,FALSE,"barosaurus, brachiosaurus, tarbosaurus"
arctic char,TRUE,TRUE,"arctic char, arctic hare, parti schnauzer"
arctic fox,TRUE,TRUE,"arctic fox, arctic wolf, arctic hare"
argali,TRUE,FALSE,margay
armadillo,TRUE,TRUE,"armadillo, giant armadillo, armadillo lizard"
armyworm,TRUE,TRUE,"armyworm, earthworm, worm"
arrowhead dogfish,TRUE,FALSE,hardhead catfish
arrowhead shark,TRUE,FALSE,"hammerhead shark, bonnethead shark, white shark"
arthropod,TRUE,FALSE,"theropod, sauropoda, sauropoda"
ascidians,TRUE,FALSE,caecilian
asian elephant,TRUE,TRUE,"asian elephant, indian elephant, sri lankan elephant"
asp,TRUE,TRUE,"asp, wasp, ape"
ass,TRUE,FALSE,"bass, wrasse, asp"
assassin bug,TRUE,TRUE,"assassin bug, assassin snail, kissing bugs"
auk,TRUE,FALSE,"yak, saluki, alusky"
auklet,FALSE,FALSE,No close match found
auroch,TRUE,FALSE,"aurochs, sea roach"
australopithecine,TRUE,FALSE,"australopithecus, australorp chicken"
avian,TRUE,FALSE,"taipan, caiman, waimanu"
avocet,TRUE,TRUE,"avocet, ocelot"
axolotl,TRUE,TRUE,axolotl
aye aye,TRUE,FALSE,aye-aye
babirusa,TRUE,TRUE,"babirusa, jabiru"
baboon,TRUE,TRUE,"baboon, olive baboon, gibbon"
baby,TRUE,FALSE,"baya, barb, yabby"
baca,TRUE,FALSE,"baya, macaw"
bacteria,FALSE,FALSE,No close match found
badger,TRUE,TRUE,"badger, beaglier, onager"
bald eagle,TRUE,TRUE,"bald eagle, beagle, sea eagle"
baleen whale,TRUE,TRUE,"baleen whale, blue whale, sei whale"
banana slug,TRUE,FALSE,"banana eel, banana spider"
bandicoot,TRUE,TRUE,bandicoot
bantam,TRUE,FALSE,"bat, ant"
bark beetle,TRUE,TRUE,"bark beetle, water beetle, darkling beetle"
barn owl,TRUE,TRUE,"barn owl, barred owl, tawny owl"
barnacle,TRUE,TRUE,"barnacle, caracal"
barnacle goose,TRUE,FALSE,barnacle
barracuda,TRUE,TRUE,barracuda
barramundi,TRUE,FALSE,"barramundi fish, barracuda"
barred owl,TRUE,TRUE,"barred owl, barn owl, red wolf"
basenji,TRUE,FALSE,"basenji mix, basenji dog"
basilisk,TRUE,FALSE,"basilisk lizard, bass"
basking shark,TRUE,TRUE,"basking shark, goblin shark, blacktip shark "
bass,TRUE,TRUE,"bass, boas, sea bass"
basset hound,TRUE,TRUE,"basset hound, bassetoodle, ibizan hound"
bat,TRUE,TRUE,"bat, wombat, rat"
batfish,TRUE,TRUE,"batfish, catfish, blue catfish"
bay scallop,TRUE,FALSE,"scallops, barn swallow"
baya,TRUE,TRUE,baya
beaded lizard,TRUE,FALSE,"sand lizard, leopard lizard, anole lizard"
beagle,TRUE,TRUE,"beagle, eagle, beaglier"
beaked whale,TRUE,FALSE,"bowhead whale, baleen whale, blue whale"
bear,TRUE,TRUE,"bear, beaver, barb"
bear cub,TRUE,FALSE,"bear, barb"
bearcat,TRUE,FALSE,"bear, leopard cat"
bearded dragon,TRUE,TRUE,"bearded dragon, sea dragon, water dragon"
bearded vulture,TRUE,TRUE,"bearded vulture, red-headed vulture, turkey vulture"
beaver,TRUE,TRUE,"beaver, bear, orb weaver"
bedbug,TRUE,FALSE,bed bugs
bee,TRUE,TRUE,"bee, eel, beetle"
bee eater,TRUE,FALSE,"bee-eater, green bee-eater, beetle"
bee moth,TRUE,FALSE,"box tree moth, cabbage moth, tiger moth"
beef cattle,TRUE,FALSE,"nelore cattle, senepol cattle, beetle"
beefalo,TRUE,TRUE,"beefalo, buffalo, beago"
beet armyworm,TRUE,FALSE,armyworm
beetle,TRUE,TRUE,"beetle, may beetle, stag beetle"
bellbird,TRUE,FALSE,"umbrellabird, bird"
belted kingfisher,TRUE,TRUE,"belted kingfisher, ringed kingfisher, kingfisher"
beluga,TRUE,FALSE,nebelung
beluga whale,TRUE,FALSE,"blue whale, bowhead whale, sei whale"
bengal tiger,TRUE,TRUE,"bengal tiger, siberian tiger"
bernese mountain dog,TRUE,TRUE,"bernese mountain dog, bernese mountain dog mix, estrela mountain dog"
bessbug,TRUE,FALSE,bed bugs
beta fish,TRUE,FALSE,"batfish, cobia fish, toadfish"
betta,TRUE,FALSE,bear
betta fish,TRUE,FALSE,"batfish, cobia fish, toadfish"
bettong,TRUE,FALSE,bongo
bichon,TRUE,FALSE,"bichpoo, bison, zuchon"
bigeye,TRUE,FALSE,bee
bighorn,TRUE,FALSE,"bighorn sheep, bison"
bighorn sheep,TRUE,TRUE,bighorn sheep
bilbies,TRUE,FALSE,"blobfish, bilby, balinese"
bilby,TRUE,TRUE,bilby
billfish,TRUE,FALSE,"killifish, oilfish, sailfish"
billy goat,TRUE,FALSE,nubian goat
binturong,TRUE,TRUE,binturong
bird,TRUE,TRUE,"bird, briard, ovenbird"
bison,TRUE,TRUE,"bison, wood bison, lion"
biting midge,TRUE,FALSE,writing spider
bittern,TRUE,FALSE,"otter, brittany"
bivalve,FALSE,FALSE,No close match found
black bear,TRUE,FALSE,"black bass, black marlin, asiatic black bear"
black headed gull,TRUE,FALSE,black-headed python
black lab,TRUE,FALSE,"black mamba, black wasp, black bass"
black labrador,TRUE,FALSE,"black mamba, silver labrador, black bass"
black mamba,TRUE,TRUE,"black mamba, black bass, black sea bass"
black panther,TRUE,FALSE,"florida panther, panther, panther"
black squirrel,TRUE,FALSE,"squirrel, red squirrel, fox squirrel"
black widow,TRUE,FALSE,"black widow spider, black aphids, black witch moth"
black-capped chickadee,TRUE,TRUE,black-capped chickadee
blackbird,TRUE,FALSE,"umbrellabird, black aphids"
blackbuck,FALSE,FALSE,No close match found
blackcap,TRUE,FALSE,"black wasp, black crappie, black aphids"
blackfish,TRUE,FALSE,"batfish, lancetfish, rockfish"
blackfly,TRUE,FALSE,blowfly
blackpoll,TRUE,FALSE,blackpoll warbler
blacktail,TRUE,FALSE,"black swallowtail, jackal, black tarantula"
blacktail deer,TRUE,FALSE,blacktip reef shark
blacktip reef shark,TRUE,TRUE,"blacktip reef shark, blacktip shark , blacknose shark"
blacktip shark,TRUE,FALSE,"blacktip shark , blacktip reef shark, blacknose shark"
blenny,FALSE,FALSE,No close match found
blister beetle,TRUE,TRUE,"blister beetle, blister beetle, biscuit beetle"
blobfish,TRUE,TRUE,"blobfish, boxfish, lionfish"
bloodhound,TRUE,TRUE,"bloodhound, blood python"
bloodworm,TRUE,FALSE,"glowworm, slow worm, bamboo worms"
blowfish,TRUE,FALSE,"blobfish, clownfish, boxfish"
blowfly,TRUE,TRUE,blowfly
blubber fish,TRUE,FALSE,"bluefish, blue catfish, flounder fish"
blue catfish,TRUE,TRUE,"blue catfish, bluefish, eel catfish"
blue heron,TRUE,FALSE,"great blue heron, grey heron, blue whale"
blue jay,TRUE,TRUE,"blue jay, blue tang, blue whale"
blue marlin,TRUE,FALSE,"black marlin, blue tang, white marlin"
blue shark,TRUE,TRUE,"blue shark, bull shark, whale shark"
blue whale,TRUE,TRUE,"blue whale, baleen whale, sei whale"
bluebill,TRUE,FALSE,"bluegill, beabull"
bluebird,TRUE,FALSE,"lyrebird, eastern bluebird, bird"
bluefin,TRUE,FALSE,"bluefish, bluefin tuna, bluegill"
bluefin tuna,TRUE,TRUE,"bluefin tuna, blackfin tuna, blue iguana"
bluefish,TRUE,TRUE,"bluefish, blue catfish, lungfish"
bluefooted booby,FALSE,FALSE,No close match found
bluegill,TRUE,TRUE,bluegill
bluetick,TRUE,FALSE,"blue tit, tick"
boa,TRUE,FALSE,"boas, boiga, jerboa"
boa constrictor,TRUE,FALSE,img boa constrictor
boar,TRUE,FALSE,"boas, bear, barb"
bobcat,TRUE,TRUE,"bobcat, wombat, cat"
bobolink,TRUE,TRUE,bobolink
bobtail,FALSE,FALSE,No close match found
bobwhite,FALSE,FALSE,No close match found
bobwhite quail,FALSE,FALSE,No close match found
boll weevil,TRUE,FALSE,nut weevil
bollworm,TRUE,FALSE,"pink bollworm, worm"
bolognese,TRUE,FALSE,"bolognese dog, balinese"
bombardier beetle,TRUE,TRUE,"bombardier beetle, larder beetle, soldier beetle"
bonefish,TRUE,TRUE,"bonefish, stonefish, boxfish"
bongo,TRUE,TRUE,"bongo, olingo, bonobo"
bonito,TRUE,FALSE,"bongo, bonito fish, bonobo"
bonnethead,TRUE,FALSE,bonnethead shark
bonobo,TRUE,TRUE,"bonobo, booby, bongo"
bony fish,TRUE,FALSE,"bonefish, bonito fish, goby fish"
booby,TRUE,TRUE,"booby, bonobo, bombay"
border collie,TRUE,TRUE,"border collie, border collie mix, bearded collie"
borzoi,TRUE,FALSE,borkie
boston terrier,TRUE,TRUE,"boston terrier, boglen terrier, taco terrier"
botfly,TRUE,FALSE,"blowfly, fly, butterfly"
boto,TRUE,FALSE,"potoo, booby, bongo"
bottlenose,TRUE,FALSE,bottlenose dolphin
bottlenose dolphin,TRUE,TRUE,bottlenose dolphin
bottlenose whale,TRUE,FALSE,"baleen whale, bottlenose dolphin, blue whale"
bovine,TRUE,FALSE,"wolverine, bowfin, borkie"
bowerbird,TRUE,FALSE,"ovenbird, weaver bird, briard"
bowfin,TRUE,TRUE,bowfin
bowhead,TRUE,FALSE,"bowhead whale, brown hyena"
bowhead whale,TRUE,TRUE,"bowhead whale, blue whale"
box turtle,TRUE,TRUE,"box turtle, wood turtle, ornate box turtle"
boxelder bug,TRUE,FALSE,"bed bugs, boxweiler, boxer dog"
boxer,TRUE,FALSE,"bullboxer, boxweiler, boxer mix"
boxfish,TRUE,TRUE,"boxfish, bonefish, blobfish"
brachiopod,FALSE,FALSE,No close match found
brachiosaurus,TRUE,TRUE,"brachiosaurus, basilosaurus, barosaurus"
bream,TRUE,FALSE,"rhea, bear"
brimfish,TRUE,FALSE,"drum fish, pinfish, oilfish"
brine shrimp,TRUE,FALSE,"shrimp, dinosaur shrimp, amano shrimp"
broadbill,TRUE,FALSE,"labrabull, armadillo"
broadtail,FALSE,FALSE,No close match found
bronc,FALSE,FALSE,No close match found
bronco,TRUE,FALSE,"bongo, bonobo"
brontosaurus,TRUE,TRUE,"brontosaurus, barosaurus, anteosaurus"
broodmare,TRUE,FALSE,bordoodle
broody hen,TRUE,FALSE,brown hyena
brook trout,TRUE,TRUE,"brook trout, lake trout, bull trout"
brown bear,TRUE,TRUE,"brown bear, brown hyena, marsican brown bear"
brown bullhead,TRUE,FALSE,"brown bear, brown hyena"
brown creeper,TRUE,FALSE,"brown bear, brown tree snake, treecreeper"
brown hyena,TRUE,TRUE,"brown hyena, brown bear, brown snake"
brown recluse,TRUE,FALSE,brown snake
brown recluse spider,TRUE,FALSE,"chilean recluse spider, mouse spider, woodlouse spider"
brown thrasher,TRUE,FALSE,brown bear
brown trout,TRUE,FALSE,"brook trout, golden trout, bull trout"
bruin,TRUE,FALSE,brug
bryozoan,FALSE,FALSE,No close match found
buck,TRUE,FALSE,duck
bucking bronco,FALSE,FALSE,No close match found
budgerigar,TRUE,TRUE,budgerigar
budgie,TRUE,FALSE,badger
buffalo,TRUE,TRUE,"buffalo, buffalo fish, beefalo"
bufflehead,FALSE,FALSE,No close match found
bufo,TRUE,FALSE,"buffalo, bullfrog"
bug,TRUE,FALSE,"brug, pug"
bulbul,FALSE,FALSE,No close match found
bull,TRUE,FALSE,"bulldog, beabull, quoll"
bull mastiff,TRUE,FALSE,"bullmastiff, mastiff, tibetan mastiff"
bull shark,TRUE,TRUE,"bull shark, blue shark, bullsnake"
bull snake,TRUE,FALSE,"bullsnake, habu snake, bull shark"
bull terrier,TRUE,TRUE,"bull terrier, bull and terrier, russell terrier"
bulldog,TRUE,TRUE,"bulldog, bullfrog, bulldog mix"
bullfinch,TRUE,FALSE,"finch, purple finch, eurasian bullfinch"
bullfrog,TRUE,TRUE,"bullfrog, bulldog, frog"
bullhead,TRUE,FALSE,"bulldog, bull shark"
bullhead catfish,TRUE,FALSE,"yellow bullhead catfish, flathead catfish, blue catfish"
bullmastiff,TRUE,TRUE,"bullmastiff, mastiff"
bullock,TRUE,FALSE,"bulldog, bullfrog"
bullsnake,TRUE,TRUE,"bullsnake, habu snake, bull shark"
bumblebee,TRUE,TRUE,bumblebee
bunny,FALSE,FALSE,No close match found
bunny rabbit,TRUE,FALSE,"rabbit, dutch rabbit"
bunting,TRUE,FALSE,snow bunting
burbot,TRUE,FALSE,barbet
burmese mountain dog,TRUE,FALSE,"bernese mountain dog, bernese mountain dog mix, estrela mountain dog"
burro,FALSE,FALSE,No close match found
bush squirrel,TRUE,FALSE,"squirrel, red squirrel, fox squirrel"
bushbaby,TRUE,FALSE,bush baby
bushbuck,FALSE,FALSE,No close match found
bushmaster,TRUE,FALSE,"bushmaster snake, hamster"
bustard,TRUE,FALSE,kori bustard
butterfish,TRUE,FALSE,"butterfly fish, cuttlefish, bluefish"
butterflies,TRUE,FALSE,"butterfly fish, butterfly, robber flies"
butterfly,TRUE,TRUE,"butterfly, owl butterfly, butterfly fish"
butterflyfish,TRUE,FALSE,"butterfly fish, butterfly, cuttlefish"
buzzard,TRUE,FALSE,"honey buzzard, common buzzard"
cactus wren,TRUE,TRUE,"cactus wren, cactus mouse, house wren"
caddis fly,FALSE,FALSE,No close match found
caecilian,TRUE,TRUE,"caecilian, cave lion, cape lion"
caiman,TRUE,TRUE,"caiman, waimanu, taipan"
cairn terrier,TRUE,TRUE,"cairn terrier, irish terrier, airedale terrier"
calf,TRUE,FALSE,"coral, camel"
calico cat,FALSE,FALSE,No close match found
camel,TRUE,TRUE,"camel, chameleon"
cameo,TRUE,FALSE,"camel, chameleon, chamois"
canary,TRUE,FALSE,"manta ray, jacana, cassowary"
canebrake rattlesnake,TRUE,FALSE,"aruba rattlesnake, prairie rattlesnake, tiger rattlesnake"
canine,TRUE,FALSE,"crane, cantil, caiman"
canis lupus,FALSE,FALSE,No close match found
cankerworm,TRUE,FALSE,"corn earworm, sandworm, armyworm"
canvasback,TRUE,TRUE,canvasback
canvasback duck,TRUE,FALSE,canvasback
cape buffalo,TRUE,FALSE,"water buffalo, buffalo, cape lion"
capelin,TRUE,FALSE,"cape lion, cave lion, caecilian"
capercaillie,TRUE,FALSE,caecilian
capibara,TRUE,FALSE,capybara
caplin,TRUE,FALSE,"cape lion, capuchin, cave lion"
capon,TRUE,FALSE,"tarpon, cape lion, cavapoo"
capuchin,TRUE,TRUE,"capuchin, sea urchin"
capuchin monkey,TRUE,FALSE,capuchin
capybara,TRUE,TRUE,capybara
carabao,TRUE,FALSE,"crab, caribou, caracal"
caracal,TRUE,TRUE,"caracal, coral, cascabel"
caracara,TRUE,FALSE,"caracal, yarara"
cardinal,TRUE,TRUE,"cardinal, gharial, caracal"
caribou,TRUE,TRUE,caribou
carp,TRUE,TRUE,carp
carpenter ant,TRUE,TRUE,"carpenter ant, cane rat"
carpenter bee,TRUE,FALSE,"carpet beetle, carpenter ant"
carpet beetle,TRUE,TRUE,"carpet beetle, scarab beetle, larder beetle"
carrier pigeon,FALSE,FALSE,No close match found
carrion crow,FALSE,FALSE,No close match found
carthorse,TRUE,FALSE,"horse, seahorse, earthworm"
cartilaginous fish,FALSE,FALSE,No close match found
cassowary,TRUE,TRUE,cassowary
cat,TRUE,TRUE,"cat, coati, rat"
catamount,FALSE,FALSE,No close match found
catbird,TRUE,FALSE,"gray catbird, bird, frigatebird"
caterpillar,TRUE,TRUE,"caterpillar, asp caterpillar, tent caterpillar"
catfish,TRUE,TRUE,"catfish, batfish, crayfish"
cattle,TRUE,FALSE,"rottle, nguni cattle, cat"
cattle egret,TRUE,FALSE,"great egret, sable ferret"
cavalier king charles spaniel,TRUE,TRUE,cavalier king charles spaniel
cavy,FALSE,FALSE,No close match found
cayote,TRUE,FALSE,"coyote, icadyptes, cat"
cedar waxwing,TRUE,TRUE,cedar waxwing
centipede,TRUE,TRUE,centipede
cephalopod,TRUE,FALSE,cephalaspis
ceratopsian,TRUE,TRUE,"ceratopsian, xenoceratops, ceratosaurus"
cervid,FALSE,FALSE,No close match found
cetacean,TRUE,FALSE,coelacanth
chachalaca,FALSE,FALSE,No close match found
chaffinch,TRUE,FALSE,finch
chain pickerel,TRUE,TRUE,"chain pickerel, king mackerel"
chambered nautilus,FALSE,FALSE,No close match found
chameleon,TRUE,TRUE,"chameleon, camel, pademelon"
chamois,TRUE,TRUE,chamois
channel catfish,TRUE,FALSE,"eel catfish, wels catfish, white catfish"
char,TRUE,FALSE,"hare, carp, shark"
charolais,TRUE,FALSE,"chamois, cephalaspis, machaeroides"
cheep,TRUE,FALSE,"sheep, cheetah, cheagle"
cheetah,TRUE,TRUE,cheetah
chetah,TRUE,FALSE,cheetah
chewbacca,FALSE,FALSE,No close match found
chick,TRUE,FALSE,"chicken, chickadee, tick"
chickadee,TRUE,TRUE,"chickadee, chicken, sika deer"
chicken,TRUE,TRUE,"chicken, chickadee, cricket"
chigger,TRUE,TRUE,"chigger, tiger, liger"
chihuahua,TRUE,TRUE,"chihuahua, chihuahua mix, teacup chihuahua"
chimaera,TRUE,TRUE,"chimaera, chimpanzee, chigger"
chimp,TRUE,FALSE,"shrimp, chipoo, chipit"
chimpanzee,TRUE,TRUE,"chimpanzee, chimaera"
chinch bug,FALSE,FALSE,No close match found
chinchilla,TRUE,TRUE,"chinchilla, chi chi, whinchat"
chinook,TRUE,TRUE,"chinook, chipoo, chipmunk"
chinook salmon,TRUE,TRUE,"chinook salmon, pink salmon, king salmon"
chipmunk,TRUE,TRUE,"chipmunk, eastern chipmunk, chinook"
chipping sparrow,TRUE,TRUE,"chipping sparrow, song sparrow"
chocolate labrador,TRUE,FALSE,silver labrador
chough,TRUE,FALSE,cougar
chow chow,TRUE,TRUE,"chow chow, chow pom"
christmas tree worm,TRUE,FALSE,christmas beetle
chub,FALSE,FALSE,No close match found
chum salmon,TRUE,FALSE,"chinook salmon, salmon"
cicada,TRUE,TRUE,"cicada, chickadee"
cicada killer,FALSE,FALSE,No close match found
cichlid,TRUE,TRUE,"cichlid, uaru cichlid, mayan cichlid"
cichlid fish,TRUE,FALSE,"cichlid, killifish"
civet,TRUE,FALSE,cricket
civet cat,FALSE,FALSE,No close match found
clam,TRUE,FALSE,"llama, camel"
cleaner shrimp,TRUE,FALSE,amano shrimp
clown fish,TRUE,FALSE,"clownfish, lionfish, flowerhorn fish"
clownfish,TRUE,TRUE,"clownfish, lionfish, codfish"
clydesdale,FALSE,FALSE,No close match found
coati,TRUE,TRUE,"coati, cat, cantil"
coatimundi,TRUE,FALSE,coati
cobia,TRUE,FALSE,"cobras, cobia fish"
cobra,TRUE,FALSE,"cobras, coral, king cobra"
cochineal,TRUE,FALSE,schneagle
cock,TRUE,FALSE,"cockle, peacock, cockatoo"
cockatiel,TRUE,TRUE,"cockatiel, cockalier, coati"
cockatoo,TRUE,TRUE,"cockatoo, cockapoo, cuckoo"
cocker,TRUE,FALSE,"cockle, cockalier, oxpecker"
cocker spaniel,TRUE,TRUE,"cocker spaniel, english cocker spaniel, clumber spaniel"
cockerel,TRUE,FALSE,"cocker spaniel, cockle, cockatiel"
cockle,TRUE,TRUE,"cockle, cockalier, crocodile"
cockroach,TRUE,TRUE,"cockroach, dubia cockroach, cuban cockroach"
cockroaches,TRUE,FALSE,"cockroach, dubia cockroach, cuban cockroach"
cod,TRUE,FALSE,cow
codfish,TRUE,TRUE,"codfish, toadfish, goldfish"
codling,TRUE,FALSE,"olingo, codling moth, dingo"
codling moth,TRUE,TRUE,"codling moth, spongy moth, spongy moth"
coelacanth,TRUE,TRUE,"coelacanth, polacanthus, xenacanthus"
coho,FALSE,FALSE,No close match found
coho salmon,TRUE,FALSE,"chinook salmon, salmon"
collared lizard,TRUE,FALSE,"horned lizard, leopard lizard, frilled lizard"
collared peccary,TRUE,TRUE,collared peccary
collie,TRUE,TRUE,"collie, gollie, shollie"
colobus,FALSE,FALSE,No close match found
colobus monkey,TRUE,FALSE,"woolly monkey, proboscis monkey, howler monkey"
colt,TRUE,FALSE,"coral, coati"
colugo,TRUE,FALSE,"olingo, cougar"
comb jelly,TRUE,FALSE,comb jellyfish
common murre,TRUE,FALSE,"common raven, common frog, common carp"
common scoter,TRUE,FALSE,"common carp, common toad, common loon"
common yellowthroat,TRUE,TRUE,"common yellowthroat, yellowthroat, common toad"
conch,FALSE,FALSE,No close match found
condor,TRUE,FALSE,"komondor, corgidor, john dory"
coney,TRUE,FALSE,"zonkey, monkey, donkey"
conger,TRUE,FALSE,"onager, conger eel, sponge"
conger eel,TRUE,TRUE,"conger eel, mongrel, gulper eel "
constrictor,TRUE,FALSE,"img boa constrictor, ostrich"
conure,TRUE,TRUE,"conure, cougar, corkie"
coonhound,TRUE,FALSE,"bloodhound, redbone coonhound, bluetick coonhound"
coot,TRUE,FALSE,"coyote, coati"
cooter,TRUE,FALSE,"coyote, rooster, otter"
copepod,FALSE,FALSE,No close match found
copperhead,TRUE,TRUE,copperhead
copperhead snake,TRUE,FALSE,"copperhead, coral snake, gopher snake"
coq,TRUE,FALSE,cow
coral,TRUE,TRUE,"coral, goral, cobras"
coral reef snake,TRUE,FALSE,"coral snake, wolf snake, tree snake"
coral snake,TRUE,TRUE,"coral snake, corn snake, cat snake"
corbina,TRUE,FALSE,"scorpion, robin, oribi"
corgi,TRUE,FALSE,"horgi, dorgi, corgipoo"
cormorant,TRUE,TRUE,"cormorant, common raven"
corn borer,TRUE,FALSE,european corn borer
corn borer moth,FALSE,FALSE,No close match found
corn earworm,TRUE,TRUE,"corn earworm, earthworm"
corn snake,TRUE,TRUE,"corn snake, coral snake, congo snake"
corncrake,TRUE,FALSE,"corn snake, coral snake, corkie"
cornish game hen,TRUE,FALSE,modern game chicken
corydoras,TRUE,FALSE,"corgidor, cormorant, cobras"
cotton bollworm,TRUE,FALSE,pink bollworm
cottonmouth,TRUE,TRUE,"cottonmouth, comet moth"
cottonmouth moccasin,TRUE,FALSE,cottonmouth
cottontail,TRUE,FALSE,"eastern cottontail, cottonmouth"
cottontail rabbit,FALSE,FALSE,No close match found
cougar,TRUE,TRUE,"cougar, gar, conure"
courser,TRUE,FALSE,"conure, coues deer, zorse"
cow,TRUE,TRUE,"cow, crow, owl"
cowbird,TRUE,FALSE,"bird, ovenbird"
cownose ray,FALSE,FALSE,No close match found
cowrie,TRUE,FALSE,"corkie, chorkie, torkie"
cowry,TRUE,FALSE,"cow, cassowary, crow"
cows,TRUE,FALSE,"cow, crow"
coyote,TRUE,TRUE,"coyote, oyster"
coypu,FALSE,FALSE,No close match found
crab,TRUE,TRUE,"crab, crane, coral"
crane,TRUE,TRUE,"crane, crab"
cranefly,TRUE,FALSE,"crane, dragonfly, firefly"
crappie,TRUE,FALSE,"crappie fish, white crappie, black crappie"
crawdad,FALSE,FALSE,No close match found
crawfish,TRUE,FALSE,"crayfish, sawfish, catfish"
crawler,TRUE,FALSE,"crane, coral"
crayfish,TRUE,TRUE,"crayfish, catfish, ladyfish"
crevalle jack,FALSE,FALSE,No close match found
cricket,TRUE,TRUE,"cricket, tree cricket, mole cricket"
crinoid,FALSE,FALSE,No close match found
croaker,TRUE,FALSE,crane
croc,TRUE,FALSE,crow
crocodile,TRUE,TRUE,"crocodile, nile crocodile, dwarf crocodile"
crossbill,FALSE,FALSE,No close match found
crow,TRUE,TRUE,"crow, cow"
crucian carp,TRUE,TRUE,"crucian carp, asian carp"
crustacean,FALSE,FALSE,No close match found
cub,FALSE,FALSE,No close match found
cuckoo,TRUE,TRUE,"cuckoo, cockatoo, cockapoo"
culex pipiens,FALSE,FALSE,No close match found
curlew,TRUE,FALSE,conure
cuscus,TRUE,FALSE,discus
cusk,TRUE,FALSE,"chusky, husky"
cuttlefish,TRUE,TRUE,"cuttlefish, catfish, mullet fish"
cutworm,TRUE,FALSE,"worm, inchworm"
cygnet,TRUE,FALSE,genet
dace,FALSE,FALSE,No close match found
dachshund,TRUE,TRUE,"dachshund, dachshund mix, dapple dachshund"
daddy longlegs,FALSE,FALSE,No close match found
dairy cattle,TRUE,FALSE,nguni cattle
dairy cow,FALSE,FALSE,No close match found
dall sheep,TRUE,FALSE,sheep
dalmatian,TRUE,TRUE,"dalmatian, dalmatian mix"
damsel fish,TRUE,FALSE,"damselfish, taimen fish, drum fish"
damselfish,TRUE,TRUE,"damselfish, angelfish, taimen fish"
damselfly,TRUE,FALSE,damselfish
daphnia,FALSE,FALSE,No close match found
darkling beetle,TRUE,TRUE,"darkling beetle, dung beetle, bark beetle"
darning needle,TRUE,FALSE,darkling beetle
darter,TRUE,FALSE,drever
darwin frog,TRUE,FALSE,"darwins frog, darwins fox, burrowing frog"
daschund,TRUE,FALSE,"dachshund, dachshund mix"
dear,TRUE,FALSE,"deer, bear, eider"
decapod,FALSE,FALSE,No close match found
deer,TRUE,TRUE,"deer, drever, veery"
deerhound,TRUE,FALSE,"otterhound, keeshond, scottish deerhound"
degu,FALSE,FALSE,No close match found
desert tortoise,TRUE,TRUE,"desert tortoise, gopher tortoise, sulcata tortoise"
devil,FALSE,FALSE,No close match found
devon rex,TRUE,TRUE,devon rex
diamondback,TRUE,FALSE,diamondback moth
diamondback rattlesnake,TRUE,FALSE,"red diamondback rattlesnake, western diamondback rattlesnake, eastern diamondback rattlesnake"
diamondback terrapin,TRUE,FALSE,diamondback moth
dik-dik,TRUE,TRUE,dik-dik
dingo,TRUE,TRUE,"dingo, olingo"
dinosaur,TRUE,FALSE,"dinosaurs, titanosaur, pliosaur"
dinosaurs,TRUE,TRUE,"dinosaurs, spinosaurus, hainosaurus"
diplodocus,TRUE,TRUE,diplodocus
doberman,TRUE,FALSE,"goberian, birman, rotterman"
doberman pinscher,TRUE,TRUE,"doberman pinscher, doberman pinscher, german pinscher"
dodo,TRUE,TRUE,"dodo, daeodon"
dodo bird,FALSE,FALSE,No close match found
doe,TRUE,FALSE,"doxle, dhole, dorkie"
dog,TRUE,TRUE,"dog, dorgi"
dogfish,TRUE,FALSE,"hogfish, frogfish, fish"
doggie,TRUE,FALSE,"dorgi, dorkie, dog"
doggy,TRUE,FALSE,dog
dogs,TRUE,FALSE,"dog, dorgi"
dolphin,TRUE,TRUE,"dolphin, dusky dolphin"
dolphinfish,TRUE,FALSE,"pinfish, dolphin, lionfish"
domingo,TRUE,FALSE,"dingo, olingo, flamingo"
donkey,TRUE,TRUE,"donkey, zonkey, monkey"
doodlebug,TRUE,FALSE,"poodle, bordoodle"
dormouse,TRUE,TRUE,"dormouse, deer mouse, mouse"
dory,TRUE,FALSE,dorgi
dotterel,TRUE,FALSE,otter
double-crested cormorant,TRUE,FALSE,comb-crested jacana
dove,TRUE,FALSE,"doxle, dhole"
downy woodpecker,TRUE,TRUE,"downy woodpecker, woodpecker, hairy woodpecker"
dragon,TRUE,FALSE,"dragonfly, sea dragon, dragonfish"
dragon lizard,TRUE,FALSE,"black dragon lizard, sand lizard, draco volans lizard"
dragonfly,TRUE,TRUE,"dragonfly, dragonfish, dragon eel"
drake,TRUE,FALSE,dorkie
dray horse,TRUE,FALSE,"seahorse, horse"
dromedary,FALSE,FALSE,No close match found
drosophila,FALSE,FALSE,No close match found
drum fish,TRUE,TRUE,"drum fish, red drum fish, lumpfish"
duck,TRUE,TRUE,"duck, douc, dunnock"
duckbill,TRUE,FALSE,duck
duckbilled platypus,FALSE,FALSE,No close match found
duckling,TRUE,FALSE,duck
ducks,TRUE,FALSE,"duck, dunnock, douc"
dugong,TRUE,TRUE,"dugong, dog"
duiker,TRUE,FALSE,dunker
dung beetle,TRUE,TRUE,"dung beetle, darkling beetle, stag beetle"
dungeness crab,TRUE,TRUE,dungeness crab
dunlin,FALSE,FALSE,No close match found
dusky shark,TRUE,TRUE,"dusky shark, silky shark, nurse shark"
dwarf hamster,TRUE,TRUE,"dwarf hamster, teddy bear hamster, hamster"
dwarf rabbit,TRUE,FALSE,"rex rabbit, dwarf gourami, netherland dwarf rabbit"
dwarf sperm whale,TRUE,FALSE,sperm whale
eagle,TRUE,TRUE,"eagle, peagle, meagle"
eagle ray,TRUE,TRUE,"eagle ray, eagle, beaglier"
eaglet,TRUE,FALSE,"eagle, peagle, meagle"
eared grebe,TRUE,TRUE,"eared grebe, horned grebe, clarks grebe"
earthworm,TRUE,TRUE,"earthworm, armyworm, superworm"
earwig,TRUE,TRUE,earwig
eastern cottontail,TRUE,TRUE,"eastern cottontail, eastern dobsonfly, eastern woodrat"
eastern indigo snake,TRUE,TRUE,"eastern indigo snake, western blind snake, eastern tiger snake"
eastern kingbird,TRUE,TRUE,"eastern kingbird, western kingbird, eastern bluebird"
eastern lowland gorilla,TRUE,TRUE,"eastern lowland gorilla, western lowland gorilla, eastern gorilla"
eastern meadowlark,TRUE,TRUE,"eastern meadowlark, eastern gorilla"
eastern newt,TRUE,FALSE,"eastern woodrat, eastern racer, eastern phoebe"
eastern toebiter,TRUE,FALSE,"eastern phoebe, eastern bluebird, eastern racer"
echidna,TRUE,TRUE,echidna
echinoderm,TRUE,FALSE,"reindeer, eider"
eel,TRUE,TRUE,"eel, weasel, elk"
eelpout,TRUE,TRUE,eelpout
eels,TRUE,FALSE,eel
egret,TRUE,TRUE,"egret, ferret"
eider,TRUE,TRUE,"eider, reindeer, spider"
eider duck,TRUE,FALSE,eider
eland,TRUE,TRUE,"eland, pelican"
electric eel,TRUE,TRUE,"electric eel, american eel"
elephant,TRUE,TRUE,"elephant, elephant seal, elephant fish"
elephant seal,TRUE,TRUE,"elephant seal, elephant shrew, elephant beetle"
elk,TRUE,TRUE,"elk, eel"
elkhound,TRUE,FALSE,"greyhound, swedish elkhound, otterhound"
elver,TRUE,FALSE,"drever, beaver, deer"
emerald shiner,TRUE,FALSE,"mal shi, golden shiner, emerald toucanet"
emperor penguin,TRUE,TRUE,"emperor penguin, royal penguin, macaroni penguin"
emu,TRUE,TRUE,"emu, lemur"
equine,TRUE,FALSE,ermine
ermine,TRUE,TRUE,"ermine, termite, wolverine"
escolar,TRUE,TRUE,"escolar, saola"
eugarie,TRUE,FALSE,"eurasier, egret"
evening grosbeak,TRUE,TRUE,"evening grosbeak, evening bat, blue grosbeak"
ewe,TRUE,FALSE,"eel, bee"
fairy shrimp,TRUE,FALSE,"shrimp, dinosaur shrimp, amano shrimp"
fairy tern,TRUE,FALSE,fairy-wren
falcon,TRUE,TRUE,"falcon, salmon"
fall armyworm,TRUE,FALSE,armyworm
fall webworm,FALSE,FALSE,No close match found
fallow deer,TRUE,TRUE,fallow deer
fawn,TRUE,FALSE,prawn
feline,TRUE,FALSE,"linnet, ermine"
fennec fox,TRUE,TRUE,fennec fox
ferret,TRUE,TRUE,"ferret, egret, sable ferret"
fiddler crab,TRUE,TRUE,fiddler crab
filaria,FALSE,FALSE,No close match found
filly,TRUE,FALSE,"fly, firefly"
fin whale,TRUE,TRUE,"fin whale, minke whale, sei whale"
finback,TRUE,FALSE,finch
finback whale,TRUE,FALSE,"fin whale, minke whale, humpback whale"
finch,TRUE,TRUE,"finch, red finch, fish"
fire ant,FALSE,FALSE,No close match found
firebird,TRUE,FALSE,"lyrebird, frigatebird, bird"
firebug,TRUE,FALSE,frug
firefly,TRUE,TRUE,"firefly, horsefly, fire eel"
fish,TRUE,TRUE,"fish, fisher, sawfish"
fish eagle,TRUE,FALSE,"sea eagle, schneagle, african fish eagle"
fisher,TRUE,TRUE,"fisher, fish, kingfisher"
fisher cat,TRUE,FALSE,"fishing cat, fisher"
flacon,TRUE,FALSE,falcon
flamingo,TRUE,TRUE,"flamingo, olingo, lemming"
flatfish,TRUE,FALSE,"catfish, batfish, lancetfish"
flathead catfish,TRUE,TRUE,"flathead catfish, hardhead catfish, blue catfish"
flatworm,TRUE,FALSE,"earthworm, worm"
flea,TRUE,TRUE,flea
flea beetle,TRUE,TRUE,"flea beetle, flour beetle, figeater beetle"
flies,TRUE,FALSE,"flea, fish"
flounder,TRUE,TRUE,"flounder, flounder fish"
fly,TRUE,TRUE,"fly, mayfly"
fly fish,TRUE,FALSE,"flying fish, ladyfish, butterfly fish"
flycatcher,TRUE,TRUE,"flycatcher, least flycatcher, willow flycatcher"
flying fish,TRUE,TRUE,"flying fish, lungfish, lionfish"
flying monkey,TRUE,FALSE,"flying snake, woolly monkey"
flying snake,TRUE,TRUE,"flying snake, king snake, blind snake"
flying squirrel,TRUE,TRUE,"flying squirrel, fox squirrel, squirrel"
foal,TRUE,FALSE,"koala, goral, fossa"
forest tent caterpillar,TRUE,FALSE,"tent caterpillar, asp caterpillar, bagworm moth caterpillar"
fossa,TRUE,TRUE,"fossa, tosa"
four eye butterfly fish,TRUE,FALSE,"butterfly fish, wrought iron butterflyfish"
foureye butterflyfish,TRUE,FALSE,"butterfly fish, wrought iron butterflyfish"
fowl,TRUE,FALSE,"owl, elf owl"
fox,TRUE,TRUE,"fox, ox"
fox squirrel,TRUE,TRUE,"fox squirrel, squirrel, red squirrel"
fox terrier,TRUE,TRUE,"fox terrier, toy fox terrier, wire fox terrier"
foxes,TRUE,FALSE,"fox, fox snakes"
foxhound,TRUE,FALSE,"otterhound, english foxhound, bloodhound"
french bulldog,TRUE,TRUE,"french bulldog, french bulldog mix, english bulldog"
fresh water fish,TRUE,FALSE,"freshwater sunfish, freshwater jellyfish, freshwater eel"
freshwater eel,TRUE,TRUE,"freshwater eel, freshwater jellyfish, freshwater drum"
freshwater fish,TRUE,FALSE,"freshwater sunfish, freshwater jellyfish, freshwater eel"
freshwater mussel,TRUE,FALSE,"freshwater eel, freshwater drum, freshwater sunfish"
friesian,TRUE,FALSE,persian
frog,TRUE,TRUE,"frog, frug, frogfish"
frogfish,TRUE,TRUE,"frogfish, hogfish, rockfish"
froghopper,TRUE,FALSE,"treehopper, grasshopper"
frogmouth,TRUE,FALSE,tawny frogmouth
fruit bat,TRUE,TRUE,"fruit bat, fruit fly"
fruit fly,TRUE,TRUE,"fruit fly, fruit bat"
fulmar,FALSE,FALSE,No close match found
fungi,TRUE,FALSE,frug
fungus gnat,FALSE,FALSE,No close match found
gaboon viper,TRUE,TRUE,"gaboon viper, sand viper, horned viper"
gadfly,TRUE,FALSE,"mayfly, fly"
gal,TRUE,FALSE,"goral, gar"
gall midge,FALSE,FALSE,No close match found
gall wasp,FALSE,FALSE,No close match found
gallinule,TRUE,FALSE,"purple gallinule, gollie"
gamecock,TRUE,FALSE,peacock
gander,TRUE,FALSE,"sandpiper, merganser, meganeura"
gannet,TRUE,FALSE,"genet, linnet, ant"
gar,TRUE,TRUE,"gar, jaguar, cougar"
garden snake,TRUE,FALSE,"green snake, garter snake, ground snake"
garfish,TRUE,FALSE,"oarfish, starfish, fish"
garibaldi,TRUE,FALSE,gharial
garter snake,TRUE,TRUE,"garter snake, texas garter snake, tiger snake"
gator,TRUE,FALSE,"gar, gastornis, goat"
gaur,TRUE,FALSE,gar
gavial,TRUE,FALSE,gharial
gazelle,TRUE,TRUE,gazelle
gecko,TRUE,TRUE,"gecko, glechon"
geese,FALSE,FALSE,No close match found
gelding,TRUE,FALSE,dingo
gemsbok,FALSE,FALSE,No close match found
genet,TRUE,TRUE,"genet, newt, gnat"
geoduck,TRUE,FALSE,"duck, gecko"
gerbil,TRUE,TRUE,gerbil
gerbils,TRUE,FALSE,gerbil
german shepard,TRUE,FALSE,"german sheprador, german shepherd mix, german sheppit"
german shepherd,TRUE,FALSE,"german shepherd mix, corman shepherd, blue german shepherd"
gharial,TRUE,TRUE,"gharial, urial, goral"
ghost crab,TRUE,TRUE,"ghost crab, stone crab, ghost catfish"
giant,TRUE,FALSE,"ant, goat, goat"
giant anteater,TRUE,FALSE,"giant beaver, giant panda bear, anteater"
giant panda,TRUE,FALSE,"giant panda bear, giant isopod, giant weta"
giant schnauzer,TRUE,TRUE,"giant schnauzer, parti schnauzer, giant schnoodle"
giant squid,TRUE,FALSE,giant isopod
giant tortoise,TRUE,FALSE,"egyptian tortoise, russian tortoise, aldabra giant tortoise"
gibbon,TRUE,TRUE,"gibbon, baboon"
gila monster,TRUE,TRUE,"gila monster, tully monster, nile monitor"
giraffe,TRUE,TRUE,giraffe
glaucus,FALSE,FALSE,No close match found
glider,TRUE,FALSE,"liger, eider, beaglier"
globefish,TRUE,FALSE,"blobfish, goby fish, anglerfish"
glowworm,TRUE,TRUE,"glowworm, slow worm, worm"
gnat,TRUE,TRUE,"gnat, goat, goat"
gnatcatcher,TRUE,FALSE,"blue gray gnatcatcher, least flycatcher, flycatcher"
gnu,FALSE,FALSE,No close match found
goanna,TRUE,FALSE,iguana
goat,TRUE,TRUE,"goat, goat, gnat"
goatfish,TRUE,FALSE,"oarfish, catfish, batfish"
goats,TRUE,FALSE,"goat, goat, gnat"
goby,TRUE,FALSE,booby
godwit,FALSE,FALSE,No close match found
godzilla,TRUE,FALSE,gorilla
gold fish,TRUE,FALSE,"goldfish, goby fish, golden irish"
golden eagle,TRUE,TRUE,"golden eagle, golden mole, bald eagle"
golden labrador,TRUE,FALSE,"silver labrador, golden dox, golden lancehead"
golden marmot,TRUE,FALSE,"golden mole, golden saint, golden dox"
golden plover,TRUE,FALSE,"golden mole, golden shepherd, golden dox"
golden retriever,TRUE,TRUE,"golden retriever, golden retriever mix, golden pyrenees"
golden shiner,TRUE,TRUE,"golden shiner, golden saint, golden shepherd"
goldendoodle,TRUE,TRUE,"goldendoodle, golden oriole, golden mole"
goldfinch,TRUE,FALSE,"goldfish, gouldian finch, finch"
goldfish,TRUE,TRUE,"goldfish, oilfish, codfish"
gooney bird,TRUE,FALSE,honey buzzard
goose,TRUE,TRUE,"goose, moose, mongoose"
gopher,TRUE,TRUE,"gopher, grouper, gopher snake"
gopher snake,TRUE,TRUE,"gopher snake, tiger snake, garter snake"
gopher tortoise,TRUE,TRUE,"gopher tortoise, leopard tortoise, desert tortoise"
gopher turtle,TRUE,FALSE,"gopher tortoise, river turtle, sea turtle"
gorgonian,TRUE,FALSE,"yoranian, goberian"
gorilla,TRUE,TRUE,"gorilla, corella, krill"
goshawk,TRUE,TRUE,"goshawk, hawk, shark"
gosling,TRUE,FALSE,"olingo, pangolin"
grackle,TRUE,FALSE,"goral, common grackle, barnacle"
grass snake,TRUE,TRUE,"grass snake, rat snakes, zebra snake"
grasshopper,TRUE,TRUE,"grasshopper, grasshopper mouse, grass spider"
grasshopper mouse,TRUE,TRUE,"grasshopper mouse, grasshopper"
gray catbird,TRUE,TRUE,gray catbird
gray fox,TRUE,TRUE,"gray fox, red fox"
gray jay,FALSE,FALSE,No close match found
gray mullet,FALSE,FALSE,No close match found
gray partridge,TRUE,FALSE,"partridge, gray catbird"
gray treefrog,TRUE,FALSE,"gray tree frog, green tree frog, tree frog"
gray whale,TRUE,FALSE,sperm whale
gray wolf,TRUE,FALSE,"red wolf, gray fox, dire wolf"
graywolf,TRUE,FALSE,"wolf, wolf"
great auk,TRUE,FALSE,"great dane, green rat snake"
great blue heron,TRUE,TRUE,"great blue heron, green heron, grey heron"
great crested grebe,TRUE,FALSE,"eared grebe, great crested flycatcher, great egret"
great dane,TRUE,TRUE,"great dane, great danoodle, great dane mix"
great horned owl,TRUE,FALSE,long-eared owl
great pyrenees,TRUE,TRUE,"great pyrenees, great pyrenees mix, golden pyrenees"
great white shark,TRUE,TRUE,"great white shark, great white shark, white shark"
greater yellowlegs,FALSE,FALSE,No close match found
grebe,TRUE,TRUE,grebe
green lacewing,TRUE,FALSE,greenland dog
green mamba,TRUE,TRUE,"green mamba, western green mamba, eastern green mamba"
green tree frog,TRUE,TRUE,"green tree frog, gray tree frog, green frog"
green tree python,TRUE,TRUE,"green tree python, green tree frog, carpet python"
greenfly,TRUE,FALSE,"green frog, firefly"
greenling,TRUE,FALSE,"kelp greenling, greenland dog"
greenshank,TRUE,FALSE,"green snake, greenland shark, reef shark"
grenadier,FALSE,FALSE,No close match found
grey squirrel,TRUE,FALSE,"red squirrel, ground squirrel, squirrel"
grey whale,TRUE,FALSE,"sei whale, grey seal, grey heron"
greyhound,TRUE,TRUE,"greyhound, grey heron, italian greyhound"
greylag goose,FALSE,FALSE,No close match found
griffon,TRUE,FALSE,"griffonshire, grunion"
griffon vulture,TRUE,TRUE,"griffon vulture, king vulture, egyptian vulture"
grizzly,TRUE,FALSE,grizzly bear
grizzly bear,TRUE,TRUE,grizzly bear
grosbeak,TRUE,FALSE,"blue grosbeak, grouse, goshawk"
ground hog,TRUE,FALSE,groundhog tick
ground squirrel,TRUE,TRUE,"ground squirrel, uinta ground squirrel, red squirrel"
groundfish,TRUE,FALSE,"goldfish, codfish, green sunfish"
groundhog,TRUE,FALSE,"groundhog tick, greyhound"
grouper,TRUE,TRUE,"grouper, grouse, gopher"
grouse,TRUE,TRUE,"grouse, grouper, mouse"
grub,TRUE,FALSE,grebe
grunt,TRUE,FALSE,"grunion, gnat"
guan,TRUE,FALSE,"iguana, human"
guanaco,TRUE,FALSE,"iguana, anaconda"
gudgeon,TRUE,FALSE,sturgeon
guenon,TRUE,FALSE,"grunion, pigeon, iguanodon"
guerrilla,TRUE,FALSE,"gorilla, gerbil"
guillemot,FALSE,FALSE,No close match found
guinea fowl,TRUE,TRUE,"guinea fowl, junglefowl, guinea pig"
guinea hen,TRUE,FALSE,"guinea pig, guinea fowl"
guinea pig,TRUE,TRUE,"guinea pig, teddy guinea pig, peruvian guinea pig"
guinea worm,TRUE,FALSE,"guinea fowl, guinea pig"
guineafowl,TRUE,FALSE,"guinea fowl, junglefowl"
gull,TRUE,FALSE,"seagull, quoll"
gumboot chiton,FALSE,FALSE,No close match found
gunnel,FALSE,FALSE,No close match found
guppy,TRUE,TRUE,guppy
gurnard,FALSE,FALSE,No close match found
gypsy moth,TRUE,TRUE,"gypsy moth, puss moth, spongy moth"
gyrfalcon,TRUE,FALSE,falcon
hackney,FALSE,FALSE,No close match found
haddock,TRUE,TRUE,haddock
hadrosaur,TRUE,FALSE,"barosaurus, tarbosaurus, hainosaurus"
hagfish,TRUE,TRUE,"hagfish, hogfish, angelfish"
hairless cat,FALSE,FALSE,No close match found
hairstreak,FALSE,FALSE,No close match found
hairstreak butterfly,TRUE,FALSE,"white butterfly, admiral butterfly, peacock butterfly"
hairy woodpecker,TRUE,TRUE,"hairy woodpecker, woodpecker, downy woodpecker"
hake,TRUE,FALSE,"hawk, hare, snake"
halcyon,TRUE,FALSE,falcon
halibut,TRUE,TRUE,halibut
hammerhead,TRUE,FALSE,"hammerhead worm, hammerhead shark"
hammerhead shark,TRUE,TRUE,"hammerhead shark, great hammerhead shark, smooth hammerhead shark"
hamster,TRUE,TRUE,"hamster, dwarf hamster, syrian hamster"
hanover hound,TRUE,FALSE,"afghan hound, otterhound, pharaoh hound"
harambe,TRUE,FALSE,hare
harbor porpoise,TRUE,TRUE,"harbor porpoise, harbor seal"
harbor seal,TRUE,TRUE,"harbor seal, harp seal, harbor porpoise"
hare,TRUE,TRUE,"hare, harrier, shrew"
harp seal,TRUE,TRUE,"harp seal, harpy eagle, harbor seal"
harpy eagle,TRUE,TRUE,"harpy eagle, harp seal, peagle"
harrier,TRUE,TRUE,"harrier, hare, terrier"
hart,TRUE,FALSE,"hare, shark, hovawart"
hartebeest,TRUE,TRUE,hartebeest
havanese dog,TRUE,FALSE,"havanese, javanese"
hawk,TRUE,TRUE,"hawk, goshawk, shark"
hawk moth,TRUE,FALSE,"wax moth, oleander hawk moth, luna moth"
hawk owl,TRUE,FALSE,"tawny owl, hawk"
hawkmoth,TRUE,FALSE,"moth, hawk"
hawksbill,FALSE,FALSE,No close match found
hawksbill turtle,TRUE,FALSE,spiny hill turtle
heath hen,FALSE,FALSE,No close match found
hedgehog,TRUE,TRUE,hedgehog
heifer,TRUE,FALSE,eider
hellbender,TRUE,TRUE,hellbender
helminth,FALSE,FALSE,No close match found
hen,TRUE,FALSE,"hyena, heron"
hen harrier,TRUE,FALSE,"northern harrier, harrier, wheaten terrier"
hermit,TRUE,FALSE,"termite, hermit crab, ermine"
hermit crab,TRUE,TRUE,"hermit crab, yeti crab, strawberry hermit crab"
hermit thrush,TRUE,FALSE,hermit crab
heron,TRUE,TRUE,"heron, herring, grey heron"
herring,TRUE,TRUE,"herring, herring gull, heron"
herring gull,TRUE,TRUE,"herring gull, herring"
hexapod,TRUE,FALSE,theropod
hinny,FALSE,FALSE,No close match found
hippo,TRUE,FALSE,"chipoo, whippet"
hippopotamus,TRUE,TRUE,"hippopotamus, pygmy hippopotamus, hippopotamus gorgops"
hoary marmot,TRUE,FALSE,"hoary bat, olympic marmot, marmot"
hoatzin,TRUE,FALSE,coati
hog,TRUE,FALSE,"horgi, dog"
hogfish,TRUE,TRUE,"hogfish, hagfish, frogfish"
hogg,TRUE,FALSE,horgi
hogget,TRUE,FALSE,"hornet, boggle"
hognose snake,TRUE,TRUE,"hognose snake, plains hognose snake, western hognose snake"
hogs,TRUE,FALSE,"hogfish, horse, horgi"
holstein,FALSE,FALSE,No close match found
homing pigeon,FALSE,FALSE,No close match found
hominid,TRUE,FALSE,hummingbird
hominoid,FALSE,FALSE,No close match found
homo erectus,FALSE,FALSE,No close match found
homo habilis,FALSE,FALSE,No close match found
homo sapiens,TRUE,FALSE,hobo spider
honey badger,TRUE,TRUE,"honey badger, honey bee, horned adder"
honey bee,TRUE,TRUE,"honey bee, honey badger, horned beetle"
honey buzzard,TRUE,TRUE,"honey buzzard, common buzzard, honey badger"
honeybee,TRUE,FALSE,"honey bee, honey badger, horned beetle"
honeycreeper,TRUE,FALSE,"treecreeper, honey bee"
hooded merganser,TRUE,FALSE,"merganser, hooded seal"
hoofed mammal,TRUE,FALSE,hooded seal
hookworm,TRUE,FALSE,worm
hoopoe,TRUE,TRUE,hoopoe
hoot owl,FALSE,FALSE,No close match found
hornbill,TRUE,TRUE,"hornbill, gorilla"
horned dinosaur,TRUE,FALSE,"horned lizard, horned viper, horned adder"
horned lizard,TRUE,TRUE,"horned lizard, sand lizard, frilled lizard"
horned owl,TRUE,FALSE,"short-eared owl, barred owl, horned lizard"
horned toad,TRUE,FALSE,"horned adder, horned lizard, marine toad"
hornet,TRUE,TRUE,"hornet, horse"
horse,TRUE,TRUE,"horse, zorse, seahorse"
horsefly,TRUE,TRUE,"horsefly, housefly, horse"
horsehead,TRUE,FALSE,"horse, horseshoe crab"
horseshoe crab,TRUE,TRUE,"horseshoe crab, stone crab, ghost crab"
hound,TRUE,FALSE,"greyhound, otterhound, bloodhound"
hound dog,FALSE,FALSE,No close match found
housefly,TRUE,TRUE,"housefly, horsefly"
hoverfly,TRUE,FALSE,"housefly, horsefly"
howler monkey,TRUE,TRUE,"howler monkey, woolly monkey, vervet monkey"
howling monkey,TRUE,FALSE,"howler monkey, woolly monkey"
human,TRUE,TRUE,"human, puma"
human being,FALSE,FALSE,No close match found
hummingbird,TRUE,TRUE,"hummingbird, rufous hummingbird, annas hummingbird"
hummingbird moth,TRUE,FALSE,"hummingbird hawk-moth, hummingbird"
humpback whale,TRUE,TRUE,humpback whale
humuhumunukunukuapua,FALSE,FALSE,No close match found
huntsman,TRUE,FALSE,"human, huntsman spider"
huntsman spider,TRUE,TRUE,"huntsman spider, sea spider, cane spider"
huskie,TRUE,FALSE,"huskita, husky, chusky"
huskies,TRUE,FALSE,"huskita, husky"
husky,TRUE,TRUE,"husky, chusky, alusky"
hydra,FALSE,FALSE,No close match found
hyena,TRUE,TRUE,"hyena, rhea"
hyenas,TRUE,FALSE,hyena
hyrax,TRUE,FALSE,rock hyrax
ibex,TRUE,TRUE,ibex
ibis,TRUE,TRUE,"ibis, oribi, bison"
ichthyosaur,TRUE,FALSE,"ichthyosaurus, ichthyostega, tylosaurus"
iguana,TRUE,TRUE,"iguana, blue iguana, iguanodon"
imago,TRUE,FALSE,maggot
impala,TRUE,TRUE,"impala, himalayan"
inchworm,TRUE,TRUE,"inchworm, worm"
indigo bunting,TRUE,FALSE,"snow bunting, painted bunting"
indigo snake,TRUE,TRUE,"indigo snake, king snake, texas indigo snake"
indri,TRUE,TRUE,"indri, aidi"
insect,TRUE,TRUE,"insect, insects, stick insect"
invertebrate,TRUE,FALSE,river turtle
isopod,TRUE,FALSE,"sauropoda, sauropoda, giant isopod"
itch mite,FALSE,FALSE,No close match found
ivory billed,FALSE,FALSE,No close match found
ivory gull,FALSE,FALSE,No close match found
jabiru,TRUE,TRUE,"jabiru, babirusa"
jack,TRUE,FALSE,"jackal, jackdaw, jackabee"
jack crevalle,TRUE,TRUE,"jack crevalle, jack russells"
jack mackerel,TRUE,FALSE,"king mackerel, jack crevalle, spanish mackerel"
jack rabbit,TRUE,FALSE,"jackrabbit, rabbit, dutch rabbit"
jack russell,TRUE,FALSE,"jack russells, jack crevalle"
jack russell terrier,TRUE,FALSE,"russell terrier, parson russell terrier, black russian terrier"
jackal,TRUE,TRUE,"jackal, jackdaw, jackabee"
jackalope,TRUE,FALSE,"jackal, jackabee"
jackass,TRUE,FALSE,"jackal, jackdaw, black bass"
jackass penguin,TRUE,FALSE,"african penguin, macaroni penguin, galapagos penguin"
jackdaw,TRUE,TRUE,"jackdaw, jackal, macaw"
jackrabbit,TRUE,TRUE,"jackrabbit, rabbit, krait"
jaguar,TRUE,TRUE,"jaguar, gar"
jaguarundi,TRUE,FALSE,"jaguarundi cat, jaguar"
javelina,TRUE,FALSE,cave lion
jawless fish,TRUE,FALSE,"wels catfish, walleye fish"
jay,FALSE,FALSE,No close match found
jaybird,TRUE,FALSE,"jabiru, bird, lyrebird"
jellyfish,TRUE,TRUE,"jellyfish, box jellyfish, moon jellyfish"
jerboa,TRUE,TRUE,"jerboa, viper boa"
jewfish,TRUE,FALSE,"jellyfish, fish, sawfish"
jigger,TRUE,FALSE,"chigger, tiger, liger"
joey,FALSE,FALSE,No close match found
junco,FALSE,FALSE,No close match found
june beetle,TRUE,FALSE,"pine beetle, dung beetle, green june beetle"
june bug,FALSE,FALSE,No close match found
jungle fowl,TRUE,FALSE,junglefowl
kangaroo,TRUE,TRUE,"kangaroo, kangaroo rat, tree kangaroo"
kangaroo rat,TRUE,TRUE,"kangaroo rat, kangaroo, kangaroo mouse"
karakul,FALSE,FALSE,No close match found
katydid,TRUE,TRUE,katydid
kea,TRUE,TRUE,"kea, keagle"
keeshond,TRUE,TRUE,keeshond
kelp greenling,TRUE,TRUE,kelp greenling
kelpie,TRUE,FALSE,"koolie, keagle"
kestrel,TRUE,TRUE,kestrel
keyhole limpet,TRUE,FALSE,keyhole cichlid
kid,FALSE,FALSE,No close match found
killdeer,TRUE,TRUE,"killdeer, deer"
killer bee,TRUE,FALSE,"killer whale, killdeer"
killer whale,TRUE,TRUE,"killer whale, false killer whale, blue whale"
killifish,TRUE,TRUE,"killifish, oilfish, sailfish"
king cobra,TRUE,TRUE,"king cobra, king crab, spitting cobra"
king crab,TRUE,TRUE,"king crab, king cobra, yeti crab"
king mackerel,TRUE,TRUE,"king mackerel, king snake, spanish mackerel"
king salmon,TRUE,TRUE,"king salmon, pink salmon, keta salmon"
kingbird,TRUE,FALSE,"mockingbird, hummingbird, western kingbird"
kingfish,TRUE,FALSE,"kingfisher, pinfish, lungfish"
kingfisher,TRUE,TRUE,"kingfisher, fisher, ringed kingfisher"
kingsnake,TRUE,FALSE,"king snake, king rat snake, indigo snake"
kinkajou,TRUE,TRUE,kinkajou
kite,TRUE,FALSE,"red kite, krait, akita"
kitfox,TRUE,FALSE,"kit fox, fox"
kitten,FALSE,FALSE,No close match found
kittiwake,FALSE,FALSE,No close match found
kitty,FALSE,FALSE,No close match found
kitty cat,FALSE,FALSE,No close match found
kiwi,TRUE,TRUE,kiwi
koala,TRUE,TRUE,koala
koala bear,TRUE,FALSE,"polar bear, polar bear, kodiak bear"
kodiak,TRUE,FALSE,"kodiak bear, kodkod"
kodiak bear,TRUE,TRUE,"kodiak bear, polar bear, polar bear"
koi,TRUE,FALSE,"kowari, koolie"
koi fish,TRUE,TRUE,"koi fish, oilfish, cobia fish"
komodo dragon,TRUE,TRUE,"komodo dragon, komondor"
kongoni,TRUE,FALSE,bongo
kookaburra,TRUE,FALSE,laughing kookaburra
krait,TRUE,TRUE,"krait, rat, rabbit"
krill,TRUE,TRUE,"krill, gorilla"
kuala,TRUE,FALSE,"koala, skua"
kudu,TRUE,TRUE,kudu
lab,FALSE,FALSE,No close match found
labrador,TRUE,FALSE,"borador, labradoodle, labradane"
labrador retriever,TRUE,TRUE,"labrador retriever, siberian retriever, comfort retriever"
lacewing,TRUE,FALSE,lemming
lady bug,TRUE,FALSE,"ladybug, lace bug"
ladybird,TRUE,FALSE,"lyrebird, ladybug, bird"
ladybird beetle,TRUE,FALSE,"larder beetle, soldier beetle, may beetle"
ladybug,TRUE,TRUE,"ladybug, mealybug, lace bug"
ladyfish,TRUE,TRUE,"ladyfish, lizardfish, toadfish"
lake trout,TRUE,TRUE,"lake trout, sea trout, golden trout"
lake whitefish,TRUE,FALSE,"ocean whitefish, white catfish, lancetfish"
lamb,TRUE,FALSE,"mamba, llama"
lamprey,TRUE,TRUE,lamprey
lamprey eel,TRUE,FALSE,"lamprey, moray eel, larder beetle"
landlocked salmon,TRUE,FALSE,"sockeye salmon, atlantic salmon"
langur,TRUE,FALSE,jaguar
lanternfish,TRUE,FALSE,"lancetfish, anglerfish, angelfish"
lapdog,TRUE,FALSE,dog
lapin,TRUE,FALSE,"sculpin, lion, lion"
lapwing,TRUE,FALSE,flamingo
largemouth bass,TRUE,TRUE,"largemouth bass, smallmouth bass"
lark,TRUE,FALSE,shark
larva,FALSE,FALSE,No close match found
larvae,TRUE,FALSE,labradane
laughing gull,TRUE,FALSE,herring gull
leach,TRUE,FALSE,"loach, leech, glechon"
leaf beetle,TRUE,FALSE,"flea beetle, elephant beetle, may beetle"
leaf insect,TRUE,FALSE,"insect, insects"
leafhopper,TRUE,FALSE,"treehopper, grasshopper"
leatherback,TRUE,FALSE,"waterbuck, natterjack, leatherback sea turtle"
leatherback turtle,TRUE,FALSE,"leatherback sea turtle, eastern box turtle, lineback cattle"
leatherjacket,TRUE,FALSE,"natterjack, leatherback sea turtle"
lechwe,TRUE,FALSE,leech
leech,TRUE,TRUE,"leech, nile perch, glechon"
legless lizard,TRUE,FALSE,"glass lizard, eastern glass lizard, anole lizard"
lemming,TRUE,TRUE,"lemming, flamingo"
lemur,TRUE,TRUE,"lemur, emu"
leopard,TRUE,TRUE,"leopard, leopard cat, snow leopard"
leopard frog,TRUE,TRUE,"leopard frog, leopard, leopard shark"
leopard seal,TRUE,TRUE,"leopard seal, leopard shark, leopard cat"
leopard shark,TRUE,TRUE,"leopard shark, leopard seal, sleeper shark"
leopardess,TRUE,FALSE,"leopard, leopard seal, leopard shark"
lepidopteran,FALSE,FALSE,No close match found
lesser scaup,TRUE,TRUE,"lesser scaup, lesser jacana"
lesser yellowlegs,FALSE,FALSE,No close match found
lhasa apso,TRUE,TRUE,"lhasa apso, lhasapoo"
liger,TRUE,TRUE,"liger, tiger, chigger"
limpet,TRUE,TRUE,"limpet, linnet"
lingcod,TRUE,FALSE,"olingo, flamingo, dingo"
linnet,TRUE,TRUE,"linnet, limpet, insect"
lion,TRUE,TRUE,"lion, lion, sea lion"
lion cub,TRUE,FALSE,"lion, lion"
lioness,TRUE,FALSE,"lion, lion, lionfish"
lionfish,TRUE,TRUE,"lionfish, clownfish, pinfish"
lions,TRUE,FALSE,"lion, lion, lionfish"
little brown myotis,TRUE,FALSE,little brown bat
lizard,TRUE,TRUE,"lizard, lizardfish, sand lizard"
llama,TRUE,TRUE,llama
loach,TRUE,TRUE,"loach, opah, lowchen"
lobster,TRUE,TRUE,"lobster, oyster, rooster"
locust,TRUE,TRUE,locust
loggerhead,TRUE,FALSE,"loggerhead shrike, copperhead"
loggerhead shrike,TRUE,TRUE,"loggerhead shrike, hammerhead shark, bonnethead shark"
loggerhead turtle,TRUE,FALSE,"loggerhead shrike, sea turtle"
long tailed lizard,TRUE,FALSE,"long-tailed tit, horned lizard, frilled lizard"
long tailed salamander,TRUE,FALSE,"tiger salamander, fire salamander, giant salamander"
longhorn,TRUE,FALSE,pronghorn
longneck,FALSE,FALSE,No close match found
loon,TRUE,FALSE,"lion, lion"
lorikeet,TRUE,TRUE,"lorikeet, cricket"
loris,TRUE,TRUE,"loris, pelagornis, oarfish"
louse,TRUE,FALSE,"mouse, locust, grouse"
lovebird,TRUE,FALSE,"ovenbird, lyrebird, bird"
lugworm,TRUE,FALSE,"worm, glowworm"
lumpfish,TRUE,TRUE,"lumpfish, lungfish, bluefish"
luna moth,TRUE,TRUE,"luna moth, wax moth, puss moth"
lungfish,TRUE,TRUE,"lungfish, lumpfish, lionfish"
lungless salamander,TRUE,FALSE,"tiger salamander, fire salamander, salamander"
lynx,TRUE,TRUE,lynx
lyrebird,TRUE,TRUE,"lyrebird, bird"
macaque,TRUE,TRUE,"macaque, rhesus macaque, macaw"
macaque monkey,TRUE,FALSE,"patas monkey, squirrel monkey, macaque"
macaw,TRUE,TRUE,"macaw, macaque, jackdaw"
mackerel,TRUE,FALSE,"king mackerel, horse mackerel, spanish mackerel"
mackerel tuna,TRUE,FALSE,albacore tuna
madagascar hissing cockroach,TRUE,TRUE,"madagascar hissing cockroach, asian cockroach"
maggot,TRUE,TRUE,"maggot, marmot, agouti"
magpie,TRUE,TRUE,"magpie, meagle, ape"
mahi,TRUE,FALSE,"malchi, mal shi"
mahimahi,FALSE,FALSE,No close match found
maine coon,TRUE,TRUE,"maine coon, cane corso, marine toad"
mako shark,TRUE,FALSE,"lemon shark, salmon shark, pyjama shark"
malamute,TRUE,FALSE,"manatee, maltese, macaque"
malarial mosquito,FALSE,FALSE,No close match found
maleo,TRUE,FALSE,"meagle, mule, mole"
malinois,TRUE,FALSE,belgian malinois
mallard,TRUE,TRUE,mallard
mallee fowl,TRUE,FALSE,marble fox
maltese,TRUE,TRUE,"maltese, maltese mix, malteagle"
maltese terrier,TRUE,FALSE,"manchester terrier, japanese terrier, rat terrier"
mamba,TRUE,TRUE,"mamba, sambar"
mammal,TRUE,FALSE,mamba
mammoth,TRUE,FALSE,"marmot, moth, woolly mammoth"
man,TRUE,FALSE,"human, caiman, birman"
manakin,TRUE,FALSE,takin
manatee,TRUE,TRUE,"manatee, maltese, antelope"
mandrill,TRUE,TRUE,"mandrill, armadillo"
maned wolf,TRUE,TRUE,"maned wolf, red wolf, apennine wolf"
mangabey,TRUE,FALSE,"margay, manatee"
mangrove snapper,TRUE,TRUE,"mangrove snapper, mangrove snake"
manowar,FALSE,FALSE,No close match found
manta,TRUE,FALSE,"ant, manta ray, muntjac"
manta ray,TRUE,TRUE,"manta ray, margay"
mantis,TRUE,FALSE,"danios, cantil, ant"
mantis shrimp,TRUE,FALSE,amano shrimp
marabou,TRUE,FALSE,"caribou, marabou stork"
marabou stork,TRUE,TRUE,marabou stork
mare,TRUE,FALSE,"hare, marmoset"
markhor,TRUE,TRUE,markhor
marlin,TRUE,FALSE,"tamarin, white marlin, somali"
marmoset,TRUE,TRUE,"marmoset, marmot"
marmot,TRUE,TRUE,"marmot, marmoset, madora moth"
marsh harrier,TRUE,FALSE,"harrier, irish terrier, northern harrier"
marsh wren,TRUE,FALSE,"marsh frog, cactus wren"
marsupial,FALSE,FALSE,No close match found
marten,TRUE,FALSE,"pine marten, marmot"
mason bee,TRUE,TRUE,"mason bee, honey bee"
massasauga,TRUE,TRUE,"massasauga, maiasaura"
mastiff,TRUE,TRUE,"mastiff, mastiff mix, bullmastiff"
mastodon,TRUE,FALSE,"mastador, sarkastodon, megalodon"
maverick,FALSE,FALSE,No close match found
mayfly,TRUE,TRUE,"mayfly, fly"
meadow pipit,FALSE,FALSE,No close match found
meadow vole,FALSE,FALSE,No close match found
meadowlark,TRUE,FALSE,eastern meadowlark
mealworm,TRUE,FALSE,"earthworm, mealworm beetle, worm"
mealy bug,TRUE,FALSE,mealybug
mealybug,TRUE,TRUE,"mealybug, ladybug"
medfly,TRUE,FALSE,"mayfly, fly"
medicinal leech,FALSE,FALSE,No close match found
medusa,FALSE,FALSE,No close match found
meerkat,TRUE,TRUE,meerkat
megalodon,TRUE,TRUE,"megalodon, megalania, iguanodon"
menhaden,FALSE,FALSE,No close match found
merganser,TRUE,TRUE,"merganser, meganeura"
merino sheep,TRUE,FALSE,american eel
merlin,TRUE,FALSE,ermine
metazoan,FALSE,FALSE,No close match found
mice,FALSE,FALSE,No close match found
microbe,FALSE,FALSE,No close match found
midge,FALSE,FALSE,No close match found
milch cow,FALSE,FALSE,No close match found
milkfish,TRUE,TRUE,"milkfish, oilfish, sailfish"
milking shorthorn,FALSE,FALSE,No close match found
millipede,TRUE,TRUE,millipede
miniature pinscher,TRUE,TRUE,"miniature pinscher, miniature husky"
miniature pony,TRUE,FALSE,"miniature husky, miniature pinscher"
miniature poodle,TRUE,FALSE,miniature pinscher
miniature schnauzer,TRUE,FALSE,"miniature pinscher, giant schnauzer, parti schnauzer"
mink,TRUE,TRUE,"mink, miki"
minke whale,TRUE,TRUE,"minke whale, fin whale, sei whale"
minnow,FALSE,FALSE,No close match found
minnow fish,TRUE,FALSE,"pompano fish, snook fish, pinfish"
minx,TRUE,FALSE,mink
mirid bug,FALSE,FALSE,No close match found
mistle thrush,TRUE,FALSE,song thrush
mite,TRUE,FALSE,termite
moccasin,TRUE,FALSE,moccasin snake
mockingbird,TRUE,TRUE,"mockingbird, hummingbird"
mojarra,TRUE,TRUE,mojarra
mola,TRUE,FALSE,"mole, saola, molly"
mole,TRUE,TRUE,"mole, vole, mule"
mole rat,TRUE,FALSE,"naked mole rat, mole cricket, polecat"
mollusk,TRUE,TRUE,"mollusk, mouse, molly"
monarch butterfly,TRUE,TRUE,"monarch butterfly, morpho butterfly, owl butterfly"
mongoose,TRUE,TRUE,"mongoose, moose, goose"
monitor,TRUE,FALSE,"nile monitor, nile monitor, lace monitor"
monitor lizard,TRUE,TRUE,"monitor lizard, earless monitor lizard, anole lizard"
monkey,TRUE,TRUE,"monkey, zonkey, donkey"
monkeys,TRUE,FALSE,"monkey, zonkey, donkey"
monkfish,TRUE,TRUE,"monkfish, rockfish, milkfish"
monotreme,FALSE,FALSE,No close match found
monster,TRUE,FALSE,"oyster, gila monster, rooster"
moonfish,TRUE,FALSE,"monkfish, lionfish, bonefish"
moonglow boa,TRUE,TRUE,moonglow boa
moorhen,TRUE,TRUE,"moorhen, moose"
moose,TRUE,TRUE,"moose, mouse, goose"
moray,TRUE,FALSE,"margay, moray eel, mojarra"
moray eel,TRUE,TRUE,"moray eel, may beetle"
mosquito,TRUE,TRUE,mosquito
mosquitofish,TRUE,FALSE,"mosquito, bonito fish, stonefish"
moth,TRUE,TRUE,"moth, io moth, wax moth"
moths,TRUE,FALSE,"moth, io moth"
mouflon,FALSE,FALSE,No close match found
mountain cat,TRUE,FALSE,"mountain cur, mountain feist, mountain beaver"
mountain goat,TRUE,FALSE,"mountain gorilla, mountain lion, mountain feist"
mountain gorilla,TRUE,TRUE,"mountain gorilla, mountain cur, mountain lion"
mountain lion,TRUE,TRUE,"mountain lion, mountain feist, mountain bluebird"
mourning dove,TRUE,TRUE,"mourning dove, mourning gecko, mourning gecko"
mouse,TRUE,TRUE,"mouse, moose, dormouse"
mud dauber,FALSE,FALSE,No close match found
mudskipper,TRUE,TRUE,mudskipper
mule,TRUE,TRUE,"mule, mole, mouse"
mule deer,TRUE,TRUE,"mule deer, musk deer, coues deer"
mules,TRUE,FALSE,"mule, turtles, mole"
mullet,TRUE,FALSE,"mule, mullet fish"
mulloway,FALSE,FALSE,No close match found
muntjac,TRUE,TRUE,muntjac
murre,TRUE,FALSE,mule
muscovy duck,TRUE,TRUE,muscovy duck
musk deer,TRUE,TRUE,"musk deer, sika deer, mule deer"
musk ox,TRUE,FALSE,muskox
musk turtle,TRUE,FALSE,"sea turtle, turtles, muskrat"
muskellunge,TRUE,FALSE,muskellunge (muskie)
muskox,TRUE,TRUE,muskox
muskrat,TRUE,TRUE,"muskrat, krait"
mussel,TRUE,FALSE,mouse
mustang,TRUE,FALSE,tang
mute swan,FALSE,FALSE,No close match found
mutton snapper,TRUE,FALSE,mangrove snapper
myna,TRUE,FALSE,hyena
myna bird,TRUE,TRUE,myna bird
mynah,FALSE,FALSE,No close match found
mynah bird,TRUE,FALSE,myna bird
naked mole rat,TRUE,TRUE,naked mole rat
narwhal,TRUE,TRUE,"narwhal, neanderthal"
nautilus,TRUE,TRUE,nautilus
neanderthal,TRUE,TRUE,"neanderthal, narwhal"
needlefish,TRUE,TRUE,"needlefish, angelfish, chinese paddlefish"
nematode,FALSE,FALSE,No close match found
nematode worm,FALSE,FALSE,No close match found
newt,TRUE,TRUE,"newt, genet"
nightcrawler,TRUE,FALSE,"nightjar, nightingale, night adder"
nightingale,TRUE,TRUE,"nightingale, night snake, knight anole"
nightjar,TRUE,TRUE,"nightjar, night adder"
nilgai,TRUE,TRUE,nilgai
northern bobwhite,TRUE,TRUE,"northern bobwhite, northern harrier, northern potoo"
northern cricket frog,TRUE,FALSE,"northern flicker, northern inuit dog, northern harrier"
northern harrier,TRUE,TRUE,"northern harrier, northern flicker, northern screamer"
northern parula,TRUE,TRUE,"northern parula, northern pintail, northern cardinal"
northern pike,TRUE,FALSE,"northern flicker, northern pintail, northern harrier"
northern pocket gopher,TRUE,FALSE,"northern potoo, northern flicker, northern screamer"
northern shrike,TRUE,FALSE,"northern harrier, northern flicker, northern screamer"
northern snakehead,TRUE,FALSE,"northern water snake, northern screamer, northern fur seal"
nudibranch,TRUE,TRUE,nudibranch
nurse shark,TRUE,TRUE,"nurse shark, reef shark, blue shark"
nuthatch,TRUE,TRUE,nuthatch
nutria,TRUE,TRUE,"nutria, urial"
nyala,TRUE,TRUE,nyala
oarfish,TRUE,TRUE,"oarfish, oscar fish, toadfish"
ocean pout,TRUE,TRUE,"ocean pout, ocean perch"
ocean sunfish,TRUE,FALSE,"green sunfish, redear sunfish, ocean whitefish"
oceanic whitetip shark,TRUE,TRUE,"oceanic whitetip shark, ocean whitefish, great white shark"
ocelot,TRUE,TRUE,"ocelot, avocet"
octopus,TRUE,TRUE,"octopus, arctodus"
okapi,TRUE,TRUE,okapi
olive ridley,TRUE,FALSE,wolverine
omnivore,FALSE,FALSE,No close match found
onion thrips,FALSE,FALSE,No close match found
opah,TRUE,TRUE,"opah, loach"
opossum,TRUE,TRUE,"opossum, possum"
opossum shrimp,TRUE,FALSE,"dinosaur shrimp, opossum"
orang,TRUE,FALSE,"orangutan, tang"
orange roughie,TRUE,FALSE,"orange roughy , orange spider"
orangutan,TRUE,TRUE,"orangutan, yoranian, bornean orangutan"
orangutang,TRUE,FALSE,"orangutan, yoranian, bornean orangutan"
orca,TRUE,FALSE,"goral, coral"
orca whale,TRUE,FALSE,"bowhead whale, sperm whale"
orchard oriole,TRUE,TRUE,"orchard oriole, hooded oriole, golden oriole"
oriole,TRUE,FALSE,"torkie, rottle, poogle"
ormer,TRUE,FALSE,worm
ornithopod,TRUE,FALSE,theropod
ortolan,FALSE,FALSE,No close match found
oryx,TRUE,FALSE,ox
osprey,TRUE,TRUE,"osprey, kouprey"
ostrich,TRUE,TRUE,"ostrich, starfish, ostracod"
ostriches,TRUE,FALSE,ostrich
otter,TRUE,TRUE,"otter, rottle, oyster"
ovenbird,TRUE,TRUE,"ovenbird, bird"
owl,TRUE,TRUE,"owl, olm, cow"
owlet,TRUE,FALSE,"owl, vole, polecat"
ox,TRUE,TRUE,"ox, fox"
oxen,TRUE,FALSE,"ox, doxle"
oyster,TRUE,TRUE,"oyster, rooster, lobster"
oystercatcher,TRUE,FALSE,flycatcher
oysters,TRUE,FALSE,"oyster, rooster, lobster"
pachyderm,FALSE,FALSE,No close match found
packhorse,TRUE,FALSE,"horse, seahorse"
packrat,TRUE,FALSE,"jackrabbit, parakeet, palm rat"
paddlefish,TRUE,TRUE,"paddlefish, chinese paddlefish, needlefish"
pajero,TRUE,FALSE,"parrot, jerboa"
pallass cat,FALSE,FALSE,No close match found
palm civet,TRUE,FALSE,"asian palm civet, masked palm civet, banded palm civet"
palo verde borer,TRUE,FALSE,palo verde beetle
palomino,FALSE,FALSE,No close match found
panda,TRUE,FALSE,"red panda, piranha"
panda bear,TRUE,FALSE,"giant panda bear, polar bear, polar bear"
pangolin,TRUE,TRUE,"pangolin, penguin"
panther,TRUE,TRUE,"panther, panther, pointer"
papillon,TRUE,TRUE,"papillon, papillon mix"
parakeet,TRUE,TRUE,parakeet
parasitic worm,FALSE,FALSE,No close match found
parrot,TRUE,TRUE,"parrot, parrotlet, sparrow"
parrotfish,TRUE,TRUE,"parrotfish, parrot, oarfish"
partridge,TRUE,TRUE,partridge
passerine,TRUE,FALSE,ermine
peacock,TRUE,TRUE,"peacock, peacock bass, peacock spider"
peafowl,TRUE,FALSE,"elf owl, guinea fowl"
peahen,TRUE,FALSE,peagle
pearl oyster,TRUE,FALSE,"sea otter, oyster"
peccary,FALSE,FALSE,No close match found
peckerwood,TRUE,FALSE,oxpecker
pectoral sandpiper,TRUE,FALSE,"upland sandpiper, sandpiper"
pelican,TRUE,TRUE,"pelican, persian, eland"
pembroke welsh corgi,TRUE,TRUE,"pembroke welsh corgi, welsh corgi"
penguin,TRUE,TRUE,"penguin, king penguin, royal penguin"
penis worm,FALSE,FALSE,No close match found
perch,TRUE,FALSE,"perch fish, nile perch"
peregrine,TRUE,FALSE,"peregrine falcon, ermine"
peregrine falcon,TRUE,TRUE,peregrine falcon
periodical cicada,FALSE,FALSE,No close match found
perro,TRUE,FALSE,"parrot, sparrow"
persian cat,TRUE,FALSE,"persian, sand cat, eurasian jay"
person,TRUE,FALSE,"persian, heron, pigeon"
pescador,TRUE,FALSE,"pyrador, pitador, escolar"
petrel,TRUE,FALSE,"kestrel, eel"
pewee,FALSE,FALSE,No close match found
phalarope,FALSE,FALSE,No close match found
pheasant,TRUE,TRUE,"pheasant, persian"
phoenix,FALSE,FALSE,No close match found
pickerel,TRUE,FALSE,"chain pickerel, spanish mackerel, king mackerel"
piffle,FALSE,FALSE,No close match found
pig,TRUE,TRUE,"pig, pug, pigeon"
pigeon,TRUE,TRUE,"pigeon, pig"
pigfish,TRUE,FALSE,"pinfish, pipefish, pike fish"
piggy,TRUE,FALSE,pig
piglet,TRUE,FALSE,"puggle, poogle, pigeon"
pika,TRUE,TRUE,pika
pike,TRUE,FALSE,pika
pike perch,TRUE,FALSE,"nile perch, ocean perch"
pilchard,FALSE,FALSE,No close match found
pileated woodpecker,TRUE,TRUE,"pileated woodpecker, ivory-billed woodpecker, woodpecker"
pill bug,FALSE,FALSE,No close match found
pilot whale,TRUE,FALSE,"sei whale, fin whale, killer whale"
pincher,TRUE,FALSE,"pointer, panther, panther"
pine grosbeak,TRUE,FALSE,"blue grosbeak, evening grosbeak, pine snake"
pine marten,TRUE,TRUE,"pine marten, pied tamarin"
pine siskin,TRUE,TRUE,"pine siskin, pine snake, pine snake"
pinfish,TRUE,TRUE,"pinfish, pipefish, lionfish"
pink bollworm,TRUE,TRUE,pink bollworm
pink salmon,TRUE,TRUE,"pink salmon, king salmon, chinook salmon"
pinniped,FALSE,FALSE,No close match found
pinscher,TRUE,FALSE,"affenpinscher, fisher, german pinscher"
pintail,TRUE,FALSE,snail
pinto horse,FALSE,FALSE,No close match found
pinworm,TRUE,FALSE,"inchworm, worm, pink bollworm"
pipefish,TRUE,TRUE,"pipefish, viperfish, pike fish"
piping plover,FALSE,FALSE,No close match found
pipistrelle,FALSE,FALSE,No close match found
pipit,TRUE,FALSE,chipit
piranha,TRUE,TRUE,"piranha, prawn"
pistol shrimp,FALSE,FALSE,No close match found
pit bull,TRUE,TRUE,pit bull
pit bull terrier,TRUE,FALSE,"bull terrier, miniature bull terrier, american pit bull terrier"
pit viper,TRUE,TRUE,"pit viper, carpet viper, viper"
pitbull,TRUE,FALSE,"pit bull, pocket pitbull"
placental mammal,FALSE,FALSE,No close match found
placoderm,FALSE,FALSE,No close match found
plaice,FALSE,FALSE,No close match found
planaria,FALSE,FALSE,No close match found
plankton,FALSE,FALSE,No close match found
platypus,TRUE,TRUE,platypus
pleco,TRUE,FALSE,"polecat, peacock, glechon"
plesiosaur,TRUE,TRUE,"plesiosaur, pliosaur, spinosaurus"
plover,FALSE,FALSE,No close match found
pochard,FALSE,FALSE,No close match found
pocket gopher,FALSE,FALSE,No close match found
poison dart frog,TRUE,TRUE,poison dart frog
polar,TRUE,FALSE,"polecat, polar bear, polar bear"
polar bear,TRUE,TRUE,"polar bear, polar bear, kodiak bear"
polecat,TRUE,TRUE,"polecat, polacanthus"
pollack,FALSE,FALSE,No close match found
pollock,TRUE,FALSE,pollock fish
pollywog,FALSE,FALSE,No close match found
polo pony,FALSE,FALSE,No close match found
polychaeta,FALSE,FALSE,No close match found
pomeranian,TRUE,TRUE,"pomeranian, pomeranian mix, yoranian"
pompano,TRUE,FALSE,"pompano fish, pomapoo"
pony,FALSE,FALSE,No close match found
pooch,TRUE,FALSE,"poochon, pomchi"
poodle,TRUE,TRUE,"poodle, poogle, whoodle"
popinjay,FALSE,FALSE,No close match found
porbeagle,TRUE,FALSE,"pomeagle, peagle, beagle"
porcupine,TRUE,TRUE,"porcupine, porcupinefish"
porgy,FALSE,FALSE,No close match found
pork,TRUE,FALSE,stork
porpoise,TRUE,FALSE,"tortoise, porcupine, harbor porpoise"
portuguese water dog,TRUE,FALSE,portuguese podengo
possum,TRUE,TRUE,"possum, opossum"
potato beetle,TRUE,TRUE,"potato beetle, stag beetle, goliath beetle"
potbellied pig,FALSE,FALSE,No close match found
potoroo,TRUE,TRUE,"potoroo, potoo"
poultry,FALSE,FALSE,No close match found
pouter,TRUE,FALSE,"pointer, otter, oyster"
prairie cat,TRUE,FALSE,"prairie dog, prairie chicken, prairie rattlesnake"
prairie chicken,TRUE,TRUE,"prairie chicken, silkie chicken, frizzle chicken"
prairie dog,TRUE,TRUE,prairie dog
prairie grouse,TRUE,FALSE,prairie dog
prairie rattlesnake,TRUE,TRUE,"prairie rattlesnake, tiger rattlesnake, aruba rattlesnake"
prairie vole,TRUE,FALSE,"prairie dog, prairie chicken"
prawn,TRUE,TRUE,"prawn, piranha, persian"
praying mantis,TRUE,TRUE,praying mantis
primate,TRUE,FALSE,pine marten
proboscis monkey,TRUE,TRUE,proboscis monkey
pronghorn,TRUE,TRUE,pronghorn
pronghorn antelope,TRUE,FALSE,pronghorn
protists,TRUE,FALSE,"rottsky, parrotfish"
psyllid,FALSE,FALSE,No close match found
ptarmigan,TRUE,FALSE,taipan
pterodactyl,TRUE,TRUE,pterodactyl
pterosaur,TRUE,FALSE,"plesiosaur, phytosaurs, pliosaur"
pubic louse,FALSE,FALSE,No close match found
puff adder,TRUE,TRUE,puff adder
puffer,TRUE,FALSE,"pufferfish, puff adder, pea puffer"
puffer fish,TRUE,FALSE,"pufferfish, perch fish, viperfish"
pufferfish,TRUE,TRUE,"pufferfish, viperfish, suckerfish"
puffin,TRUE,TRUE,puffin
pug,TRUE,TRUE,"pug, puggle, pig"
puggle,TRUE,TRUE,"puggle, raggle, pug"
pullet,TRUE,FALSE,puggle
puma,TRUE,TRUE,"puma, pumi, human"
pumpkinseed,FALSE,FALSE,No close match found
pup,TRUE,FALSE,pug
pupa,TRUE,FALSE,puma
puppy,TRUE,FALSE,"guppy, mudpuppy"
purple finch,TRUE,TRUE,"purple finch, red finch, house finch"
purple gallinule,TRUE,TRUE,"purple gallinule, purple tarantula"
purple marten,TRUE,FALSE,"pine marten, purple tarantula"
puss,FALSE,FALSE,No close match found
pussycat,FALSE,FALSE,No close match found
pygmy chimpanzee,TRUE,FALSE,chimpanzee
pygmy elephant,TRUE,FALSE,elephant
pygmy goat,TRUE,FALSE,"pygora goat, american pygmy goat, pygmy shark"
pygmy marmoset,TRUE,FALSE,marmoset
pygmy sperm whale,TRUE,FALSE,sperm whale
python,TRUE,TRUE,"python, woma python, savu python"
quagga,TRUE,TRUE,quagga
quahog,TRUE,FALSE,"quahog clam, quagga"
quail,TRUE,TRUE,"quail, quetzal, king quail"
queen bee,TRUE,FALSE,queen snake
queenfish,TRUE,FALSE,"lungfish, bluefish, surgeonfish"
quetzal,TRUE,TRUE,"quetzal, quail"
quokka,TRUE,TRUE,quokka
rabbit,TRUE,TRUE,"rabbit, rex rabbit, jackrabbit"
raccoon,TRUE,TRUE,"raccoon, raccoon dog, raccoon dog"
raccoon fox,TRUE,FALSE,"raccoon dog, raccoon dog, raccoon"
racehorse,TRUE,FALSE,"horse, seahorse, racer snake"
racoon,TRUE,FALSE,"raccoon, raccoon dog, raccoon dog"
ragdoll cat,TRUE,FALSE,ragdoll
rainbow lorikeet,TRUE,FALSE,"rainbow shark, rainbow boa, lorikeet"
rainbow smelt,TRUE,FALSE,"rainbow shark, rainbow boa"
rainbow trout,TRUE,FALSE,"rainbow boa, rainbow shark, brook trout"
rainbowfish,TRUE,FALSE,"rainbow shark, sawfish, pinfish"
ram,TRUE,FALSE,rat
raptor,TRUE,FALSE,"oviraptor, microraptor, velociraptor"
rat,TRUE,TRUE,"rat, krait, rabbit"
rat snake,TRUE,FALSE,"rat snakes, cat snake, zebra snake"
rat terrier,TRUE,TRUE,"rat terrier, taco terrier, terrier"
ratite,TRUE,FALSE,"krait, stromatolite, rottle"
raton,TRUE,FALSE,"rat, raccoon"
rattler,TRUE,FALSE,"rottle, rottweiler, rattlesnake"
rattlesnake,TRUE,TRUE,"rattlesnake, tiger rattlesnake, pygmy rattlesnake"
raven,FALSE,FALSE,No close match found
ray,TRUE,FALSE,"rat, margay"
razor clam,TRUE,FALSE,quahog clam
razorback,FALSE,FALSE,No close match found
razorbill,TRUE,FALSE,hornbill
red admiral butterfly,TRUE,FALSE,admiral butterfly
red bellied woodpecker,TRUE,FALSE,"red-bellied woodpecker, ivory-billed woodpecker, pileated woodpecker"
red deer,TRUE,TRUE,"red deer, roe deer, reindeer"
red drum,TRUE,FALSE,"red drum fish, red deer"
red fox,TRUE,TRUE,"red fox, marble fox, bat-eared fox"
red kangaroo,TRUE,FALSE,"tree kangaroo, kangaroo, red panda"
red panda,TRUE,TRUE,red panda
red robin,TRUE,FALSE,"robin, red finch"
red shouldered hawk,TRUE,FALSE,red-shouldered hawk
red snapper,TRUE,FALSE,"mangrove snapper, cubera snapper, tree snake"
red squirrel,TRUE,TRUE,"red squirrel, ground squirrel, squirrel"
red tailed hawk,FALSE,FALSE,No close match found
red winged blackbird,TRUE,FALSE,red-winged blackbird
redbird,TRUE,FALSE,"lyrebird, bird, ovenbird"
redbone,TRUE,FALSE,grebe
redbreast,FALSE,FALSE,No close match found
redbug,TRUE,FALSE,bed bugs
redear,TRUE,FALSE,"eider, roe deer, reindeer"
redfish,TRUE,FALSE,"swordfish, red finch, fish"
redheaded woodpecker,TRUE,FALSE,"red-bellied woodpecker, pileated woodpecker, hairy woodpecker"
redhorse,TRUE,FALSE,"horse, seahorse"
redhorse sucker,TRUE,FALSE,horse mackerel
redpoll,TRUE,FALSE,"ragdoll, red wolf"
redshank,TRUE,FALSE,"reef shark, frilled shark"
redstart,TRUE,TRUE,redstart
redtail,TRUE,FALSE,redstart
redtail hawk,TRUE,FALSE,redtail catfish
redwing,TRUE,FALSE,dingo
reed bunting,TRUE,FALSE,"painted bunting, snow bunting, ortolan bunting"
reef shark,TRUE,TRUE,"reef shark, grey reef shark, nurse shark"
reindeer,TRUE,TRUE,"reindeer, eider, roe deer"
remora,TRUE,FALSE,"seymouria, cormorant"
reptile,FALSE,FALSE,No close match found
reticulated python,TRUE,TRUE,"reticulated python, cow reticulated python, spotted python"
retriever,TRUE,FALSE,"golden retriever, reindeer, comfort retriever"
rhea,TRUE,TRUE,"rhea, hyena"
rhesus macaque,TRUE,TRUE,"rhesus macaque, macaque, japanese macaque"
rhesus monkey,TRUE,FALSE,"howler monkey, proboscis monkey, rhesus macaque"
rhino,TRUE,FALSE,"rhinoceros, chinook"
rhinoceros,TRUE,TRUE,"rhinoceros, white rhinoceros, javan rhinoceros"
rhinoceros beetle,TRUE,FALSE,"rhino beetle, rhinoceros, pine beetle"
ribbonfish,TRUE,FALSE,"lionfish, bonefish, pinfish"
right whale,TRUE,FALSE,"sei whale, fin whale, knight anole"
ring-tailed lemur,TRUE,FALSE,ring-billed gull
ringtail,TRUE,FALSE,king quail
ringtail cat,TRUE,FALSE,redtail catfish
river otter,TRUE,TRUE,"river otter, sea otter, river turtle"
river rat,TRUE,FALSE,"river otter, xingu river ray, river turtle"
roach,TRUE,FALSE,"loach, sea roach, cockroach"
roadrunner,TRUE,TRUE,roadrunner
robin,TRUE,TRUE,robin
robin redbreast,FALSE,FALSE,No close match found
rock hyrax,TRUE,TRUE,"rock hyrax, rock crab"
rockfish,TRUE,TRUE,"rockfish, monkfish, frogfish"
rockhead,TRUE,FALSE,"rock hyrax, rhea"
rodent,TRUE,FALSE,rodents
roe,TRUE,FALSE,"rottle, grouse"
roe deer,TRUE,TRUE,"roe deer, red deer, coues deer"
roly-poly,FALSE,FALSE,No close match found
rook,FALSE,FALSE,No close match found
rooster,TRUE,TRUE,"rooster, oyster, lobster"
roseate spoonbill,TRUE,TRUE,roseate spoonbill
roseate tern,TRUE,FALSE,"sea otter, rotterman"
rotifer,TRUE,FALSE,"rooster, rottweiler, tiger"
rottweiler,TRUE,TRUE,"rottweiler, rottweiler mix, rottle"
roundworm,TRUE,FALSE,sandworm
rudd,FALSE,FALSE,No close match found
ruddy duck,TRUE,TRUE,ruddy duck
ruddy turnstone,TRUE,TRUE,ruddy turnstone
ruffed grouse,FALSE,FALSE,No close match found
ruminant,FALSE,FALSE,No close match found
russian blue,TRUE,TRUE,"russian blue, russian bear dog"
rusty blackbird,FALSE,FALSE,No close match found
saber tooth,TRUE,FALSE,saber-toothed tiger
sabertoothed cat,TRUE,FALSE,saber-toothed tiger
sabertoothed tiger,TRUE,FALSE,saber-toothed tiger
sable,TRUE,TRUE,"sable, warbler"
sable antelope,TRUE,FALSE,antelope
sacred ibis,FALSE,FALSE,No close match found
sage grouse,TRUE,FALSE,grouse
saiga,TRUE,TRUE,"saiga, anhinga"
sailfish,TRUE,TRUE,"sailfish, snailfish, swai fish"
saint bernard,TRUE,TRUE,"saint bernard, saint berdoodle, sun bear"
saki monkey,TRUE,FALSE,"spider monkey, monkey, patas monkey"
salamander,TRUE,TRUE,"salamander, fire salamander, tiger salamander"
salmon,TRUE,TRUE,"salmon, sea lion, pink salmon"
salmonid,TRUE,FALSE,"salmon, samoyed, salamander"
saltwater crocodile,TRUE,FALSE,"freshwater crocodile, dwarf crocodile, nile crocodile"
saltwater fish,TRUE,FALSE,"skate fish, starfish, stargazer fish"
saluki,TRUE,TRUE,"saluki, somali, alusky"
sand cat,TRUE,TRUE,"sand cat, sand crab, asian carp"
sand crab,TRUE,TRUE,"sand crab, sand cat, snow crab"
sand dab,TRUE,FALSE,"sand crab, sand cat, sand dollar"
sand dollar,TRUE,TRUE,"sand dollar, sand lizard, silver dollar"
sand lance,TRUE,FALSE,"sandhill crane, sand lizard, sand dollar"
sand shark,TRUE,FALSE,"salmon shark, sand tiger shark, greenland shark"
sand tiger shark,TRUE,TRUE,"sand tiger shark, tiger shark, tasmanian tiger snake"
sandbar shark,TRUE,FALSE,"sand tiger shark, salmon shark, standard schnauzer"
sandfish,TRUE,FALSE,"sawfish, toadfish, starfish"
sandfly,FALSE,FALSE,No close match found
sandhill crane,TRUE,TRUE,"sandhill crane, sand crab"
sandpiper,TRUE,TRUE,"sandpiper, sand viper, upland sandpiper"
sapsucker,FALSE,FALSE,No close match found
sardine,TRUE,FALSE,"sardines, cardinal"
sauropod,TRUE,FALSE,"sauropoda, sauropoda"
sauropod dinosaur,TRUE,FALSE,"sauropoda, sauropoda"
saury,FALSE,FALSE,No close match found
savannah cat,TRUE,FALSE,"savanna goat, savannah sparrow, savannah monitor"
sawfish,TRUE,TRUE,"sawfish, starfish, sailfish"
sawfly,TRUE,FALSE,"mayfly, fly"
scallop,TRUE,FALSE,"scallops, swallow"
scaly anteater,TRUE,FALSE,"anteater, scarlet tanager"
scarab,TRUE,FALSE,"crab, snow crab, sand crab"
scarlet macaw,TRUE,TRUE,"scarlet macaw, scarlet tanager"
scarlet tanager,TRUE,TRUE,"scarlet tanager, scarlet macaw, summer tanager"
scaup,TRUE,FALSE,"sculpin, carp"
schipperke,TRUE,TRUE,schipperke
schistosome,FALSE,FALSE,No close match found
schnauzer,TRUE,FALSE,"parti schnauzer, giant schnauzer, standard schnauzer"
scorpion,TRUE,TRUE,"scorpion, scorpion fish, bark scorpion"
scorpionfish,TRUE,FALSE,"scorpion fish, scorpion, pinfish"
scoter,TRUE,FALSE,"otter, sea otter, oyster"
scottish fold,TRUE,FALSE,scottish fold cat
scottish shetland,TRUE,FALSE,scottish deerhound
screech owl,FALSE,FALSE,No close match found
scrod,TRUE,FALSE,crow
scrub jay,FALSE,FALSE,No close match found
sculpin,TRUE,TRUE,"sculpin, scorpion"
scup,TRUE,FALSE,sculpin
sea anemone,TRUE,TRUE,"sea anemone, sea dragon"
sea bass,TRUE,TRUE,"sea bass, black sea bass, striped bass"
sea bear,TRUE,FALSE,"sun bear, sea bass, sambar"
sea bream,TRUE,FALSE,"sea bass, sea roach, sea eagle"
sea cow,TRUE,FALSE,sea lion
sea cucumber,FALSE,FALSE,No close match found
sea lamprey,TRUE,FALSE,lamprey
sea lion,TRUE,TRUE,"sea lion, salmon, cave lion"
sea lions,TRUE,FALSE,"sea lion, salmon, cave lion"
sea monkey,TRUE,FALSE,"spider monkey, sea anemone, monkey"
sea otter,TRUE,TRUE,"sea otter, otter, river otter"
sea otters,TRUE,FALSE,"sea otter, seahorse, river otter"
sea ray,TRUE,FALSE,"sea roach, eagle ray, sea dragon"
sea scorpion,TRUE,FALSE,"scorpion, bark scorpion, sea lion"
sea slug,TRUE,TRUE,"sea slug, slug, seal"
sea slug aplysia,TRUE,FALSE,sea slug
sea snake,TRUE,TRUE,"sea snake, sunbeam snake, zebra snake"
sea sponge,TRUE,FALSE,"sponge, sea snake, sea spider"
sea squirt,TRUE,TRUE,"sea squirt, sea turtle, sea spider"
sea star,TRUE,FALSE,"sea trout, sea snake, sea otter"
sea turtle,TRUE,TRUE,"sea turtle, sea trout, sea otter"
sea urchin,TRUE,TRUE,"sea urchin, sea roach, sea lion"
seabird,TRUE,FALSE,"bird, weaver bird, ovenbird"
seagull,TRUE,TRUE,"seagull, seal, beabull"
seahawk,TRUE,FALSE,"hawk, goshawk, sparrowhawk"
seahorse,TRUE,TRUE,"seahorse, horse"
seal,TRUE,TRUE,"seal, serval, seagull"
sealion,TRUE,FALSE,"sea lion, salmon, seal"
sedge wren,TRUE,FALSE,"sedge warbler, house wren"
sei whale,TRUE,TRUE,"sei whale, sperm whale, fin whale"
serow,TRUE,FALSE,"sparrow, crow"
serpent,TRUE,FALSE,egret
serval,TRUE,TRUE,"serval, seal"
shad,TRUE,FALSE,shark
shar pei,TRUE,FALSE,hare
shark,TRUE,TRUE,"shark, reef shark, horn shark"
shearwater,FALSE,FALSE,No close match found
sheep,TRUE,TRUE,sheep
sheepdog,TRUE,FALSE,"sheep, sheepadoodle, maremma sheepdog"
sheepshead,TRUE,FALSE,"sheepshead fish, sheep"
shelduck,TRUE,FALSE,duck
shellfish,TRUE,FALSE,"jellyfish, damselfish, sailfish"
shepherd,TRUE,FALSE,"king shepherd, chow shepherd, saint shepherd"
shetland pony,TRUE,FALSE,shetland sheepdog
shetland sheepdog,TRUE,TRUE,"shetland sheepdog, icelandic sheepdog, catalan sheepdog"
shih tzu,TRUE,TRUE,"shih tzu, shih tzu mix, maltese shih tzu"
shipworm,TRUE,FALSE,"superworm, worm"
shorebird,TRUE,FALSE,"ovenbird, lyrebird"
shortfin mako,TRUE,FALSE,shortfin mako shark
shorthorn,FALSE,FALSE,No close match found
shoveler,TRUE,FALSE,"shollie, shepweiler"
shrew,TRUE,TRUE,"shrew, hare"
shrike,TRUE,FALSE,"shrew, shark, shrimp"
shrimp,TRUE,TRUE,"shrimp, amano shrimp"
siamang,TRUE,FALSE,kiang
siamese cat,TRUE,FALSE,siamese
siberian blue robin,TRUE,FALSE,american robin
siberian cat,TRUE,FALSE,"siberian, siberian tiger, siberian ibex"
siberian husky,TRUE,TRUE,"siberian husky, siberian, gerberian shepsky"
siberian tiger,TRUE,TRUE,"siberian tiger, siberian ibex, siberian retriever"
sidewinder,TRUE,TRUE,"sidewinder, reindeer"
sika,TRUE,FALSE,"skua, pika"
silkworm,TRUE,FALSE,"slow worm, worm"
silkworm moth,TRUE,FALSE,"bagworm moth, io moth"
silky terrier,TRUE,TRUE,"silky terrier, skye terrier, cesky terrier"
silverback,FALSE,FALSE,No close match found
silverback gorilla,TRUE,FALSE,"silver dollar, silver dollar, cross river gorilla"
silverfish,TRUE,FALSE,"sailfish, viperfish, snailfish"
silvertip,FALSE,FALSE,No close match found
siphonophore,TRUE,FALSE,"giant siphonophore, hoopoe"
siskin,TRUE,FALSE,pine siskin
skate,TRUE,FALSE,"skua, skate fish, muskrat"
skink,TRUE,FALSE,"skunk, mink"
skipjack,TRUE,FALSE,"skipjack tuna, husky jack"
skipjack tuna,TRUE,TRUE,skipjack tuna
skua,TRUE,TRUE,"skua, skunk"
skunk,TRUE,TRUE,"skunk, skua"
skylark,TRUE,FALSE,"silky shark, shark, dusky shark"
sled dog,FALSE,FALSE,No close match found
slender loris,FALSE,FALSE,No close match found
slime eels,TRUE,FALSE,"soldier beetle, fire eel"
sloth,TRUE,TRUE,"sloth, moth"
sloth bear,TRUE,FALSE,"sun bear, sloth"
slow loris,TRUE,FALSE,"slow worm, loris"
slug,TRUE,TRUE,"slug, sea slug"
smallmouth,TRUE,FALSE,"smallmouth bass, sloth"
smallmouth bass,TRUE,TRUE,"smallmouth bass, largemouth bass"
smalltooth sawfish,TRUE,FALSE,smallmouth bass
smelt,TRUE,FALSE,seal
smooth dogfish,TRUE,FALSE,"spiny dogfish, snook fish, hogfish"
smooth hammerhead,TRUE,FALSE,smooth hammerhead shark
snail,TRUE,TRUE,"snail, snailfish, seal"
snail darter,FALSE,FALSE,No close match found
snailfish,TRUE,TRUE,"snailfish, sailfish, swai fish"
snake,TRUE,TRUE,"snake, sea snake, mud snake"
snapper,TRUE,FALSE,"sandpiper, snake, cubera snapper"
snapping turtle,TRUE,TRUE,"snapping turtle, sea turtle, painted turtle"
snipe,TRUE,FALSE,"sandpiper, snorkie, sand viper"
snoek,TRUE,FALSE,snorkie
snook,TRUE,FALSE,"snorkie, snook fish, chinook"
snow crab,TRUE,TRUE,"snow crab, sand crab, stone crab"
snow goose,TRUE,TRUE,"snow goose, snowshoe, mongoose"
snow leopard,TRUE,TRUE,"snow leopard, leopard, javan leopard"
snow lion,TRUE,FALSE,"sea lion, snowy owl, snow leopard"
snow monkey,TRUE,FALSE,"howler monkey, monkey, patas monkey"
snowbird,TRUE,FALSE,bird
snowshoe hare,TRUE,TRUE,"snowshoe hare, snowshoe"
snowy egret,TRUE,FALSE,"snow goose, norway rat"
snowy owl,TRUE,TRUE,"snowy owl, tawny owl"
sockeye,TRUE,FALSE,sockeye salmon
sockeye salmon,TRUE,TRUE,"sockeye salmon, keta salmon, kokanee salmon"
song thrush,TRUE,TRUE,"song thrush, thrush"
songbird,TRUE,FALSE,"ovenbird, mockingbird, bird"
soupfin,TRUE,FALSE,"sculpin, scorpion"
sow,TRUE,FALSE,"owl, cow"
spadefish,TRUE,FALSE,"paddlefish, sawfish, skate fish"
spadefoot,TRUE,FALSE,spadefoot toad
spadefoot toad,TRUE,TRUE,spadefoot toad
spaniel,TRUE,FALSE,"field spaniel, snail, cocker spaniel"
spanish mackerel,TRUE,TRUE,"spanish mackerel, king mackerel, spanish water dog"
sparrow,TRUE,TRUE,"sparrow, sparrowhawk, parrot"
sparrow hawk,TRUE,FALSE,"sparrowhawk, sparrow, eurasian sparrowhawk"
spearfish,TRUE,FALSE,"starfish, viperfish, sawfish"
speckled trout,TRUE,TRUE,"speckled trout, sea trout, lake trout"
spectacled caiman,TRUE,FALSE,spectacled bear
sperm whale,TRUE,TRUE,"sperm whale, sei whale, killer whale"
sphinx moth,TRUE,FALSE,"spongy moth, spongy moth, io moth"
sphynx cat,TRUE,FALSE,"sphynx, sand cat, fishing cat"
spider,TRUE,TRUE,"spider, sea spider, eider"
spider crab,TRUE,FALSE,"fiddler crab, spider wasp, spider"
spider mite,TRUE,FALSE,"spider monkey, spider, termite"
spider monkey,TRUE,TRUE,"spider monkey, squirrel monkey, vervet monkey"
spiny anteater,TRUE,FALSE,anteater
spiny dogfish,TRUE,TRUE,"spiny dogfish, pinfish, hairy frogfish"
spiny dogfish shark,TRUE,FALSE,spiny dogfish
spiny lobster,TRUE,FALSE,"lobster, spiny bush viper"
spitting cobra,TRUE,TRUE,"spitting cobra, red spitting cobra, zebra spitting cobra"
spitz,FALSE,FALSE,No close match found
sponge,TRUE,TRUE,"sponge, poogle, onager"
spoonbill,TRUE,FALSE,"hornbill, roseate spoonbill"
spotted flycatcher,TRUE,FALSE,"scissor-tailed flycatcher, great crested flycatcher, flycatcher"
spotted hyena,TRUE,FALSE,"striped hyena, spotted gar, spotted python"
spotted owl,TRUE,FALSE,"spotted gar, spotted python, spotted bass"
spotted salamander,TRUE,FALSE,"tiger salamander, fire salamander, spotted lanternfly"
spotted sandpiper,TRUE,FALSE,"upland sandpiper, spotted gar, sandpiper"
sprat,TRUE,FALSE,"rat, muskrat"
spring peeper,FALSE,FALSE,No close match found
springbok,TRUE,TRUE,"springbok, springador"
springer spaniel,TRUE,FALSE,"welsh springer spaniel, english springer spaniel, picardy spaniel"
spruce bark beetle,TRUE,FALSE,"bark beetle, spider beetle, scarab beetle"
spruce grouse,FALSE,FALSE,No close match found
squab,TRUE,FALSE,"squash bee, skua"
squid,TRUE,TRUE,squid
squirrel,TRUE,TRUE,"squirrel, squirrelfish, red squirrel"
squirrel monkey,TRUE,TRUE,"squirrel monkey, spider monkey, squirrel"
staffordshire bull terrier,TRUE,TRUE,"staffordshire bull terrier, american staffordshire terrier, yorkshire terrier"
staffordshire terrier,TRUE,FALSE,"staffordshire bull terrier, american staffordshire terrier, yorkshire terrier"
stag,TRUE,FALSE,"tang, stoat, saiga"
stag beetle,TRUE,TRUE,"stag beetle, titan beetle, tiger beetle"
staghorn coral,TRUE,FALSE,stone crab
stallion,TRUE,FALSE,"sea lion, salmon, swallow"
standard poodle,TRUE,FALSE,saint berdoodle
star-nosed mole,TRUE,TRUE,star-nosed mole
starfish,TRUE,TRUE,"starfish, sawfish, oarfish"
stargazer,TRUE,FALSE,stargazer fish
starling,TRUE,FALSE,"tang, tamarin"
steed,FALSE,FALSE,No close match found
steenbok,FALSE,FALSE,No close match found
steeplechase horse,FALSE,FALSE,No close match found
steer,TRUE,FALSE,"oyster, terrier, rooster"
stegosaurus,TRUE,FALSE,"scutosaurus, anteosaurus, lystrosaurus"
steller jay,FALSE,FALSE,No close match found
stick bug,FALSE,FALSE,No close match found
stick insect,TRUE,TRUE,"stick insect, insect"
stickleback,FALSE,FALSE,No close match found
stilt,FALSE,FALSE,No close match found
stingray,TRUE,TRUE,stingray
stinkbug,FALSE,FALSE,No close match found
stoat,TRUE,TRUE,"stoat, stonechat, tosa"
stone curlew,TRUE,FALSE,stone crab
stone marten,TRUE,FALSE,"pine marten, stonechat"
stonefish,TRUE,TRUE,"stonefish, bonefish, skate fish"
stonefly,TRUE,FALSE,"stonefish, dobsonfly"
stony coral,TRUE,FALSE,stone crab
stork,TRUE,TRUE,"stork, torkie, tornjak"
storm petrel,FALSE,FALSE,No close match found
stormy petrel,FALSE,FALSE,No close match found
striped bass,TRUE,TRUE,"striped bass, spotted bass, striped hyena"
striped hyena,TRUE,TRUE,"striped hyena, striped bass"
striped marlin,TRUE,FALSE,"white marlin, striped bass, pied tamarin"
striped mullet,TRUE,FALSE,striped hyena
striped skunk,TRUE,FALSE,"spotted skunk, striped bass, striped hyena"
striper,TRUE,FALSE,"tarsier, viper, tiger"
sturgeon,TRUE,TRUE,"sturgeon, lake sturgeon, surgeonfish"
suckerfish,TRUE,TRUE,"suckerfish, skate fish, pufferfish"
suckermouth catfish,TRUE,FALSE,suckerfish
sugar glider,TRUE,TRUE,sugar glider
summer tanager,TRUE,TRUE,"summer tanager, western tanager, scarlet tanager"
sun bear,TRUE,TRUE,"sun bear, saint bernard, brown bear"
sun conure,TRUE,FALSE,conure
sunfish,TRUE,FALSE,"lungfish, surgeonfish, stonefish"
superbug,FALSE,FALSE,No close match found
surfperch,FALSE,FALSE,No close match found
surgeon fish,TRUE,FALSE,"surgeonfish, dragonfish, scorpion fish"
surgeonfish,TRUE,TRUE,"surgeonfish, dragonfish, sturgeon"
swallow,TRUE,TRUE,"swallow, tree swallow, barn swallow"
swallowtail,TRUE,FALSE,"tiger swallowtail, black swallowtail, swallow"
swamp sparrow,TRUE,FALSE,"song sparrow, sparrow, savannah sparrow"
swan,TRUE,TRUE,swan
swift,FALSE,FALSE,No close match found
swiftlet,FALSE,FALSE,No close match found
swine,TRUE,FALSE,"swan, sidewinder"
swordfish,TRUE,TRUE,"swordfish, sawfish, oarfish"
swordtail,TRUE,FALSE,swordfish
t rex,FALSE,FALSE,No close match found
tabby,TRUE,FALSE,yabby
tabby cat,TRUE,FALSE,bobcat
tadpole,TRUE,FALSE,"doxle, dhole"
tadpole shrimp,TRUE,FALSE,amano shrimp
taipan,TRUE,TRUE,"taipan, takin, tarpon"
takahe,TRUE,FALSE,akbash
takin,TRUE,TRUE,"takin, taipan, tang"
tamarin,TRUE,TRUE,"tamarin, pied tamarin, tamaskan"
tammar wallaby,TRUE,FALSE,wallaby
tanager,TRUE,FALSE,"onager, tang, tiger"
tapeworm,TRUE,FALSE,"superworm, worm"
tapir,TRUE,TRUE,tapir
tarantula,TRUE,TRUE,"tarantula, tarantula hawk, zebra tarantula"
tardigrade,FALSE,FALSE,No close match found
tarpon,TRUE,TRUE,"tarpon, taipan"
tarsier,TRUE,TRUE,"tarsier, terrier, harrier"
tasmanian devil,TRUE,TRUE,"tasmanian devil, tasmanian tiger"
tautog,FALSE,FALSE,No close match found
tawny owl,TRUE,TRUE,"tawny owl, barn owl, snowy owl"
teacup chihuahua,TRUE,TRUE,"teacup chihuahua, chihuahua, deer head chihuahua"
teleost,FALSE,FALSE,No close match found
teleost fish,TRUE,FALSE,"telescope fish, elephant fish, mullet fish"
tench,TRUE,FALSE,tenrec
tent caterpillar,TRUE,TRUE,"tent caterpillar, caterpillar, asp caterpillar"
termite,TRUE,TRUE,"termite, ermine, terrier"
tern,TRUE,FALSE,"tiger, tetra, otter"
terrapin,TRUE,FALSE,"terrier, herring"
terrier,TRUE,TRUE,"terrier, rat terrier, jagdterrier"
tetra,TRUE,TRUE,"tetra, tuatara, neon tetra"
tetrapod,TRUE,FALSE,"tetra, theropod, pteranodon"
theropod,TRUE,TRUE,"theropod, troodon"
theropod dinosaur,TRUE,FALSE,therizinosaurus
thorny devil,TRUE,TRUE,thorny devil
thoroughbred,FALSE,FALSE,No close match found
threadfin,TRUE,FALSE,red finch
three toed sloth,FALSE,FALSE,No close match found
thresher shark,TRUE,TRUE,"thresher shark, reef shark, tiger shark"
thrip,TRUE,FALSE,shrimp
thrush,TRUE,TRUE,"thrush, song thrush"
thylacine,TRUE,FALSE,thylacoleo
tick,TRUE,TRUE,"tick, dog tick"
tiger,TRUE,TRUE,"tiger, liger, tiger moth"
tiger beetle,TRUE,TRUE,"tiger beetle, water beetle, figeater beetle"
tiger cub,TRUE,FALSE,"tiger, tiger trout, tiger beetle"
tiger moth,TRUE,TRUE,"tiger moth, winter moth, io moth"
tiger rattlesnake,TRUE,TRUE,"tiger rattlesnake, tiger snake, rattlesnake"
tiger salamander,TRUE,TRUE,"tiger salamander, fire salamander, salamander"
tiger shark,TRUE,TRUE,"tiger shark, tiger snake, sand tiger shark"
tigon,TRUE,FALSE,"pigeon, lion, lion"
tigress,TRUE,FALSE,tiger
tilapia,TRUE,FALSE,tapir
tilefish,TRUE,FALSE,"oilfish, cuttlefish, sailfish"
timber rattlesnake,TRUE,FALSE,"tiger rattlesnake, mojave rattlesnake, rattlesnake"
timber wolf,TRUE,FALSE,"dire wolf, maned wolf"
titanosaur,TRUE,TRUE,"titanosaur, titanoboa, dinosaurs"
titi,FALSE,FALSE,No close match found
titi monkey,TRUE,FALSE,"monkey, patas monkey, vervet monkey"
titmouse,TRUE,FALSE,"mouse, tufted titmouse"
toad,TRUE,FALSE,"tosa, toadfish, stoat"
toadfish,TRUE,TRUE,"toadfish, oarfish, codfish"
tobacco budworm,FALSE,FALSE,No close match found
tobacco hornworm,TRUE,FALSE,tomato hornworm
tody,FALSE,FALSE,No close match found
tom turkey,TRUE,FALSE,turkey
tomato hornworm,TRUE,TRUE,tomato hornworm
tomcat,TRUE,FALSE,"stoat, wombat, toucan"
toothed whale,TRUE,FALSE,bowhead whale
tortes,TRUE,FALSE,"turtles, tortoise, torkie"
tortoise,TRUE,TRUE,"tortoise, torkie, gopher tortoise"
tortoiseshell,TRUE,FALSE,tortoise
tortuga,FALSE,FALSE,No close match found
toucan,TRUE,TRUE,toucan
towhee,TRUE,TRUE,towhee
toy poodle,TRUE,TRUE,"toy poodle, poodle, teacup poodle"
toy spaniel,TRUE,FALSE,"boykin spaniel, cocker spaniel, tibetan spaniel"
tragopan,TRUE,FALSE,taipan
trapdoor spider,TRUE,TRUE,"trapdoor spider, joro spider, hobo spider"
tree shrew,TRUE,FALSE,"tree snake, reef shark, shrew"
treefrog,TRUE,FALSE,"tree frog, green frog, turtle frog"
trematode,TRUE,FALSE,stromatolite
trepang,TRUE,FALSE,tang
triceratops,TRUE,FALSE,"ceratopsian, xenoceratops, rhinoceros"
triggerfish,TRUE,TRUE,"triggerfish, stargazer fish, viperfish"
trilobite,FALSE,FALSE,No close match found
tripletail,FALSE,FALSE,No close match found
trogon,TRUE,FALSE,"troodon, sturgeon, tarpon"
trotter,TRUE,FALSE,"otter, rottle, rotterman"
trout,TRUE,TRUE,"trout, sea trout, lake trout"
trumpeter,FALSE,FALSE,No close match found
trumpeter swan,TRUE,FALSE,carpenter ant
tsetse,TRUE,FALSE,tsetse fly
tsetse fly,TRUE,TRUE,tsetse fly
tuatara,TRUE,TRUE,"tuatara, tetra"
tubeworm,TRUE,FALSE,"superworm, worm"
tufted puffin,FALSE,FALSE,No close match found
tufted titmouse,TRUE,TRUE,"tufted titmouse, tufted coquette"
tuna,TRUE,TRUE,tuna
tundra swan,TRUE,TRUE,tundra swan
tunicate,TRUE,FALSE,"nguni cattle, tuna"
tunny,TRUE,FALSE,tuna
turbot,TRUE,FALSE,"trout, turaco"
turkey,TRUE,TRUE,"turkey, torkie"
turkey buzzard,TRUE,FALSE,honey buzzard
turkey vulture,TRUE,TRUE,"turkey vulture, king vulture, vulture"
turtle,TRUE,FALSE,"turtles, sea turtle, box turtle"
turtle dove,TRUE,FALSE,"turtle frog, turtles"
turtledove,TRUE,FALSE,"turtles, turtle frog"
tusker,TRUE,FALSE,"turkey, musk deer, dunker"
tussock moth,TRUE,TRUE,"tussock moth, puss moth, cactus moth"
tyrannosaur,TRUE,FALSE,"tyrannosaurus rex, titanosaur, styracosaurus"
tyrannosaurus,TRUE,FALSE,"tyrannosaurus rex, styracosaurus, tylosaurus"
tyrannosaurus rex,TRUE,TRUE,"tyrannosaurus rex, styracosaurus, tylosaurus"
ungulate,FALSE,FALSE,No close match found
unicorn,TRUE,FALSE,grunion
upland sandpiper,TRUE,TRUE,"upland sandpiper, sandpiper"
urchin,TRUE,FALSE,"sea urchin, capuchin, zuchon"
vampire bat,TRUE,TRUE,"vampire bat, vampire crab , vampire squid"
vaquita,TRUE,TRUE,"vaquita, akita"
varmint,FALSE,FALSE,No close match found
veal,TRUE,FALSE,"seal, eagle"
veery,TRUE,TRUE,"veery, deer"
velociraptor,TRUE,TRUE,"velociraptor, oviraptor"
venomous lizard,TRUE,FALSE,anole lizard
vermin,TRUE,FALSE,"ermine, wolverine"
vertebrate,FALSE,FALSE,No close match found
vervet monkey,TRUE,TRUE,"vervet monkey, spider monkey, howler monkey"
vesper sparrow,TRUE,FALSE,"song sparrow, sparrow"
vicuna,TRUE,FALSE,"vicuña, iguana"
vinegarroon,TRUE,FALSE,vinegaroon
viper,TRUE,TRUE,"viper, viperfish, viper boa"
vireo,FALSE,FALSE,No close match found
vizsla,TRUE,TRUE,vizsla
vole,TRUE,TRUE,"vole, mole, doxle"
vulture,TRUE,TRUE,"vulture, king vulture, turkey vulture"
wagtail,FALSE,FALSE,No close match found
wahoo,TRUE,FALSE,"whoodle, warthog, wahoo fish"
wallaby,TRUE,TRUE,wallaby
wallaroo,TRUE,FALSE,"wallaby, swallow, mallard"
walleye,TRUE,FALSE,"walleye fish, wallaby"
walleyed pike,TRUE,FALSE,walleye fish
walrus,TRUE,TRUE,"walrus, alusky"
wandering albatross,TRUE,TRUE,wandering albatross
wapiti,FALSE,FALSE,No close match found
warbler,TRUE,TRUE,"warbler, sedge warbler, willow warbler"
warthog,TRUE,TRUE,warthog
wasp,TRUE,TRUE,"wasp, asp"
water bear,TRUE,FALSE,"water bug, cave bear, water beetle"
water buffalo,TRUE,TRUE,"water buffalo, water bug, buffalo"
water bug,TRUE,TRUE,"water bug, waterbuck, water buffalo"
water moccasin,FALSE,FALSE,No close match found
water snake,TRUE,FALSE,"garter snake, tiger snake, racer snake"
waterbird,TRUE,FALSE,"weaver bird, terror bird, frigatebird"
waterbuck,TRUE,TRUE,"waterbuck, water bug"
waterfowl,TRUE,FALSE,water vole
waxwing,TRUE,FALSE,cedar waxwing
weakfish,TRUE,FALSE,"swai fish, wels catfish, white catfish"
weasel,TRUE,TRUE,"weasel, wrasse, eel"
webworm,TRUE,FALSE,"worm, glowworm"
weevil,TRUE,FALSE,"nut weevil, weasel, eel"
weimaraner,TRUE,TRUE,"weimaraner, labmaraner"
western lowland gorilla,TRUE,TRUE,"western lowland gorilla, eastern lowland gorilla, western gorilla"
western meadowlark,TRUE,FALSE,"eastern meadowlark, western tanager, western gorilla"
western tanager,TRUE,TRUE,"western tanager, summer tanager, western rat snake"
westie,TRUE,FALSE,"westiepoo, weasel"
whale,TRUE,FALSE,"sei whale, fin whale, whoodle"
whale shark,TRUE,TRUE,"whale shark, white shark, blue shark"
wheatear,TRUE,FALSE,hamster
whelk,TRUE,FALSE,elk
whelp,FALSE,FALSE,No close match found
whiff,FALSE,FALSE,No close match found
whippet,TRUE,TRUE,whippet
whippoorwill,FALSE,FALSE,No close match found
whipsnake,TRUE,FALSE,"coachwhip snake, twig snake, pipe snake"
whiptail,TRUE,FALSE,"whiptail lizard, whiting, whippet"
whirligig beetle,TRUE,FALSE,darkling beetle
white marlin,TRUE,TRUE,"white marlin, white shark, pied tamarin"
white tailed deer,TRUE,FALSE,"whitetail deer, white-tail deer, white-tailed eagle"
white tiger,TRUE,TRUE,"white tiger, white tiger, whitetail deer"
white wolf,TRUE,FALSE,"dire wolf, red wolf"
whitebait,TRUE,FALSE,"white bass, white marlin"
whitefish,TRUE,FALSE,"white catfish, ocean whitefish, pipefish"
whitefly,TRUE,FALSE,"white butterfly, firefly"
whitetail deer,TRUE,TRUE,"whitetail deer, white-tail deer, white-tailed eagle"
whiting,TRUE,TRUE,"whiting, white tiger, white tiger"
whooper,TRUE,FALSE,"hoopoe, whoodle, woodpecker"
whooper swan,FALSE,FALSE,No close match found
whooping crane,TRUE,TRUE,whooping crane
widgeon,TRUE,FALSE,pigeon
widow spider,TRUE,FALSE,"false widow spider, black widow spider, wolf spider"
wiener dog,TRUE,FALSE,winter moth
wigeon,TRUE,FALSE,pigeon
wiggler,TRUE,FALSE,"chigger, tiger, liger"
wild boar,TRUE,TRUE,wild boar
wild dog,TRUE,FALSE,"wild boar, african wild dog"
wildcat,TRUE,FALSE,whinchat
wildebeest,TRUE,TRUE,wildebeest
willet,FALSE,FALSE,No close match found
winkle,FALSE,FALSE,No close match found
winter wren,FALSE,FALSE,No close match found
wireworm,TRUE,FALSE,worm
wolf,TRUE,TRUE,"wolf, wolf, wolffish"
wolf cub,TRUE,FALSE,"wolf, wolf"
wolf pup,TRUE,FALSE,"wolf, wolf"
wolf spider,TRUE,TRUE,"wolf spider, woodlouse spider, joro spider"
wolffish,TRUE,TRUE,"wolffish, oilfish, goldfish"
wolfhound,TRUE,FALSE,irish wolfhound
wolverine,TRUE,TRUE,"wolverine, ermine"
wolves,TRUE,FALSE,wolverine
woman,TRUE,FALSE,"wombat, worm, waimanu"
wombat,TRUE,TRUE,"wombat, numbat, bombay"
wood pewee,TRUE,FALSE,woodpecker
wood stork,TRUE,FALSE,"wood tick, wood bison, wood turtle"
wood thrush,TRUE,FALSE,"song thrush, thrush"
woodchuck,TRUE,FALSE,"wood duck, wood tick"
woodcock,TRUE,FALSE,"wood tick, wood duck, woodpecker"
woodcock snipe,FALSE,FALSE,No close match found
woodland caribou,FALSE,FALSE,No close match found
woodpecker,TRUE,TRUE,"woodpecker, oxpecker, hairy woodpecker"
woodworm,TRUE,FALSE,"worm, woodrat"
woolly adelgid,TRUE,FALSE,woolly aphids
woolly bear,TRUE,FALSE,"woolly monkey, woolly aphids, polar bear"
woolly mammoth,TRUE,TRUE,"woolly mammoth, woolly monkey, woolly aphids"
woolly monkey,TRUE,TRUE,"woolly monkey, howler monkey, woolly mammoth"
woolly rhinoceros,TRUE,TRUE,"woolly rhinoceros, rhinoceros, white rhinoceros"
worm,TRUE,TRUE,"worm, sandworm, inchworm"
wrasse,TRUE,TRUE,"wrasse, weasel"
wren,FALSE,FALSE,No close match found
wriggler,TRUE,FALSE,"raggle, warbler, chigger"
xerus,TRUE,TRUE,xerus
yak,TRUE,TRUE,yak
yearling,TRUE,FALSE,"earwig, herring"
yellow lab,TRUE,FALSE,"yellow tang, yellow bass, yellow cobra"
yellow labrador,TRUE,FALSE,"yellow cobra, yellow bass, yellow anaconda"
yellow perch,TRUE,TRUE,"yellow perch, yellow aphids, yellow sac spider"
yellow warbler,TRUE,FALSE,"willow warbler, yellowhammer, yellow perch"
yellowfin,TRUE,FALSE,"yellowfin tuna, yellow tang, bowfin"
yellowfin croaker,TRUE,FALSE,"yellowfin tuna, yellow cobra"
yellowfin tuna,TRUE,TRUE,"yellowfin tuna, yellow tang, bluefin tuna"
yellowhammer,TRUE,TRUE,"yellowhammer, yellowthroat, yellow perch"
yellowjacket,TRUE,FALSE,yellowhammer
yellowlegs,TRUE,FALSE,"yellow tang, yellow bass"
yellowtail,TRUE,FALSE,"yellow tang, yellowthroat, yellowtail snapper"
yellowtail flounder,TRUE,FALSE,yellowtail snapper
yellowtail snapper,TRUE,TRUE,"yellowtail snapper, yellow sac spider, yellow perch"
yellowthroat,TRUE,TRUE,"yellowthroat, common yellowthroat, yellow tang"
yorkie,TRUE,FALSE,"torkie, morkie, dorkie"
yorkshire terrier,TRUE,TRUE,"yorkshire terrier, border terrier, staffordshire bull terrier"
zebra,TRUE,TRUE,"zebra, zebu"
zebra finch,TRUE,TRUE,"zebra finch, red finch"
zebra fish,TRUE,FALSE,"zebra finch, zebra shark, batfish"
zebra mussel,TRUE,FALSE,"zebra mussels, zebra snake"
zebrafish,TRUE,FALSE,"zebra finch, batfish, zebra"
zebu,TRUE,TRUE,"zebu, zebra"
zooplankton,FALSE,FALSE,No close match found
zorillo,TRUE,FALSE,"gorilla, krill, hornbill"
painted dog,TRUE,FALSE,"prairie dog, painted bunting"
lightning bug,FALSE,FALSE,No close match found
flying fox,TRUE,FALSE,"flying fish, flamingo"
tigerfish,TRUE,FALSE,"triggerfish, viperfish, anglerfish"
sifaka,FALSE,FALSE,No close match found
mockingjay,TRUE,FALSE,mockingbird
sphynx,TRUE,TRUE,sphynx
